YW10-0218S,1,0,54,0,0,338
YW10-0218S,1,0,588,0,198,2353
YW10-0218S,1,0,270,0,256,706
YW10-0218S,1,0,256,706,256,361
YW10-0218S,1,0,401,1067,256,682
YW10-0218S,1,0,455,1749,256,6.565000e+02
YW10-0218S,1,1,574,0,0,2301
YW10-0218S,1,1,632,0,707,798
YW10-0218S,1,1,564,798,707,826
YW10-0218S,1,2,602,0,0,771
YW10-0218S,1,2,392,771,0,4.745000e+02
YW10-0218S,1,2,142,1.245500e+03,0,394
YW10-0218S,1,2,354,1.639500e+03,0,444
YW10-0218S,1,2,120,0,549,4.985000e+02
YW10-0218S,1,2,386,4.985000e+02,549,691
YW10-0218S,1,2,434,1.189500e+03,549,353
YW10-0218S,1,2,717,1.542500e+03,549,798
YW10-0218S,1,3,349,0,0,777
YW10-0218S,1,3,403,0,435,771
YW10-0218S,1,3,72,777,0,866
YW10-0218S,1,3,753,1643,0,58
YW10-0218S,1,3,374,1701,0,216
YW10-0218S,1,4,452,0,0,2.328500e+03
YW10-0218S,1,4,249,0,1.535000e+02,5.605000e+02
YW10-0218S,1,4,35,5.605000e+02,1.535000e+02,507
YW10-0218S,1,4,370,1.067500e+03,1.535000e+02,740
YW10-0218S,1,4,764,0,8.615000e+02,860
YW10-0218S,1,5,161,0,0,1165
YW10-0218S,1,5,11,1165,0,478
YW10-0218S,1,6,66,0,0,1755
YW10-0218S,1,6,158,0,337,956
YW10-0218S,1,6,166,956,337,710
YW10-0218S,1,7,749,0,0,2134
YW10-0218S,1,7,571,0,462,3.495000e+02
YW10-0218S,1,7,643,3.495000e+02,462,522
YW10-0218S,1,7,395,8.715000e+02,462,420
YW10-0218S,1,7,723,0,882,2416
YW10-0218S,1,7,180,0,920,1417
YW10-0218S,1,8,328,0,0,723
YW10-0218S,1,8,541,0,428,1918
YW10-0218S,1,8,402,0,486,760
YW10-0218S,1,9,57,0,0,2114
YW10-0218S,1,9,766,0,4.415000e+02,798
YW10-0218S,1,9,100,798,4.415000e+02,674
YW10-0218S,1,9,482,1472,4.415000e+02,779
YW10-0218S,1,9,542,0,8.215000e+02,2418
YW10-0218S,1,9,302,0,8.795000e+02,758
YW10-0218S,1,10,89,0,0,761
YW10-0218S,1,10,34,761,0,531
YW10-0218S,1,10,227,1292,0,3.575000e+02
YW10-0218S,1,10,585,0,555,1458
YW10-0218S,1,10,613,1458,555,5.075000e+02
YW10-0218S,1,10,340,1.965500e+03,555,288
YW10-0218S,1,11,771,0,0,794
YW10-0218S,1,11,359,794,0,361
YW10-0218S,1,11,377,0,527,1998
YW10-0218S,1,11,634,0,625,819
YW10-0218S,1,11,534,819,625,438
YW10-0218S,1,12,235,0,0,2418
YW10-0218S,1,12,44,0,58,593
YW10-0218S,1,12,658,593,58,752
YW10-0218S,1,12,595,1345,58,658
YW10-0218S,1,12,527,0,502,544
YW10-0218S,1,13,102,0,0,1998
YW10-0218S,1,13,509,0,530,483
YW10-0218S,1,13,659,483,530,395
YW10-0218S,1,13,12,878,530,925
YW10-0218S,1,14,772,0,0,1782
YW10-0218S,1,14,674,1782,0,484
YW10-0218S,1,14,300,0,577,846
YW10-0218S,1,15,730,0,0,2298
YW10-0218S,1,15,7,0,330,343
YW10-0218S,1,15,112,343,330,5.385000e+02
YW10-0218S,1,15,59,8.815000e+02,330,1128
YW10-0218S,1,16,587,0,0,717
YW10-0218S,1,16,133,0,644,2065
YW10-0218S,1,17,260,0,0,458
YW10-0218S,1,17,151,458,0,1884
YW10-0218S,1,17,720,0,3.975000e+02,8.015000e+02
YW10-0218S,1,17,591,8.015000e+02,3.975000e+02,217
YW10-0218S,1,17,381,1.018500e+03,3.975000e+02,170
YW10-0218S,1,18,391,0,0,1658
YW10-0218S,1,18,736,0,398,822
YW10-0218S,1,18,130,822,398,847
YW10-0218S,1,18,671,0,456,2217
YW10-0218S,1,18,71,0,514,1462
YW10-0218S,1,19,463,0,0,9.075000e+02
YW10-0218S,1,19,597,0,2.615000e+02,327
YW10-0218S,1,19,189,0,8.215000e+02,308
YW10-0218S,1,19,372,9.075000e+02,0,841
YW10-0218S,1,19,55,9.075000e+02,528,666
YW10-0218S,1,19,242,1.748500e+03,0,546
YW10-0218S,1,20,483,0,0,2114
YW10-0218S,1,20,106,0,4.415000e+02,9.355000e+02
YW10-0218S,1,20,477,9.355000e+02,4.415000e+02,338
YW10-0218S,1,21,563,0,0,698
YW10-0218S,1,21,711,698,0,462
YW10-0218S,1,21,661,1160,0,636
YW10-0218S,1,21,304,0,866,2368
YW10-0218S,1,22,697,0,0,1934
YW10-0218S,1,23,551,0,0,841
YW10-0218S,1,24,139,0,0,2098
YW10-0218S,1,24,416,0,558,778
YW10-0218S,1,25,209,0,0,2098
YW10-0218S,1,25,503,0,503,4.375000e+02
YW10-0218S,1,25,179,4.375000e+02,503,718
YW10-0218S,1,25,605,1.155500e+03,503,5.275000e+02
YW10-0218S,1,25,224,1683,503,5.825000e+02
YW10-0218S,1,26,457,0,0,306
YW10-0218S,1,26,408,0,395,3.705000e+02
YW10-0218S,1,26,93,3.705000e+02,0,571
YW10-0218S,1,26,237,9.415000e+02,0,904
YW10-0218S,1,26,624,9.415000e+02,4.595000e+02,443
YW10-0218S,1,26,444,9.415000e+02,1.017500e+03,579
YW10-0218S,1,26,104,1.845500e+03,0,277
YW10-0218S,1,26,181,1.845500e+03,643,327
YW10-0218S,1,27,584,0,0,3.515000e+02
YW10-0218S,1,27,310,3.515000e+02,0,1122
YW10-0218S,1,27,667,1.473500e+03,0,5.175000e+02
YW10-0218S,1,27,73,0,729,2388
YW10-0218S,1,27,147,0,827,1798
YW10-0218S,1,28,419,0,0,578
YW10-0218S,1,28,218,0,783,3.965000e+02
YW10-0218S,1,28,279,578,0,163
YW10-0218S,1,28,329,578,705,415
YW10-0218S,1,28,432,993,0,328
YW10-0218S,1,29,269,0,0,2251
YW10-0218S,1,30,525,0,0,7.245000e+02
YW10-0218S,1,30,136,7.245000e+02,0,245
YW10-0218S,1,30,701,9.695000e+02,0,898
YW10-0218S,1,30,545,0,720,2196
YW10-0218S,1,31,544,0,0,2251
YW10-0218S,1,31,18,0,812,508
YW10-0218S,1,32,116,0,0,1480
YW10-0218S,1,32,480,1480,0,4.685000e+02
YW10-0218S,1,32,265,0,579,1473
YW10-0218S,1,32,342,1473,579,488
YW10-0218S,1,32,306,1961,579,298
YW10-0218S,1,32,575,0,949,1878
YW10-0218S,1,32,642,1878,949,338
YW10-0218S,1,33,709,0,0,339
YW10-0218S,1,33,755,0,404,348
YW10-0218S,1,33,691,348,0,343
YW10-0218S,1,33,568,691,0,7.385000e+02
YW10-0218S,1,34,493,0,0,2098
YW10-0218S,1,34,631,0,580,1008
YW10-0218S,1,34,109,1008,580,393
YW10-0218S,1,34,299,1401,580,898
YW10-0218S,1,35,502,0,0,2.725000e+02
YW10-0218S,1,35,604,0,489,2196
YW10-0218S,1,36,738,0,0,3.515000e+02
YW10-0218S,1,36,394,3.515000e+02,0,571
YW10-0218S,1,36,288,9.225000e+02,0,288
YW10-0218S,1,36,396,1.210500e+03,0,4.595000e+02
YW10-0218S,1,36,156,1670,0,361
YW10-0218S,1,36,231,0,729,1273
YW10-0218S,1,37,17,0,0,1.320500e+03
YW10-0218S,1,37,540,1.320500e+03,0,843
YW10-0218S,1,37,40,0,400,488
YW10-0218S,1,37,193,488,400,388
YW10-0218S,1,37,490,876,400,863
YW10-0218S,1,38,51,0,0,717
YW10-0218S,1,38,683,717,0,978
YW10-0218S,1,38,745,0,644,2034
YW10-0218S,1,39,284,0,0,479
YW10-0218S,1,39,757,479,0,734
YW10-0218S,1,39,467,1213,0,997
YW10-0218S,1,39,570,0,508,2291
YW10-0218S,1,40,663,0,0,709
YW10-0218S,1,40,473,0,562,58
YW10-0218S,1,40,596,709,0,423
YW10-0218S,1,40,693,1132,0,1.325000e+02
YW10-0218S,1,40,135,1.264500e+03,0,788
YW10-0218S,1,40,586,1.264500e+03,698,347
YW10-0218S,1,41,138,0,0,395
YW10-0218S,1,41,378,395,0,158
YW10-0218S,1,41,721,553,0,560
YW10-0218S,1,41,309,1113,0,38
YW10-0218S,1,41,367,1113,314,489
YW10-0218S,1,41,312,1113,818,58
YW10-0218S,1,41,405,1602,0,198
YW10-0218S,1,41,62,1602,488,260
YW10-0218S,1,41,481,1862,0,158
YW10-0218S,1,42,318,0,0,2182
YW10-0218S,1,42,768,0,5.775000e+02,9.125000e+02
YW10-0218S,1,43,510,0,0,431
YW10-0218S,1,43,48,0,767,2353
YW10-0218S,1,43,114,0,805,1797
YW10-0218S,1,44,262,0,0,848
YW10-0218S,1,44,508,0,470,2291
YW10-0218S,1,45,15,0,0,245
YW10-0218S,1,45,668,245,0,604
YW10-0218S,1,45,560,849,0,275
YW10-0218S,1,45,599,0,4.633000e+02,1932
YW10-0218S,1,45,629,1932,4.633000e+02,495
YW10-0218S,1,46,639,0,0,1934
YW10-0218S,1,46,742,0,4.125000e+02,840
YW10-0218S,1,46,716,840,4.125000e+02,364
YW10-0218S,1,46,653,1204,4.125000e+02,361
YW10-0218S,1,47,305,0,0,867
YW10-0218S,1,47,149,867,0,58
YW10-0218S,1,47,468,925,0,310
YW10-0218S,1,47,728,1235,0,4.615000e+02
YW10-0218S,1,47,489,1235,4.745000e+02,1.325000e+02
YW10-0218S,1,47,773,1.696500e+03,0,359
YW10-0218S,1,48,433,0,0,898
YW10-0218S,1,48,593,898,0,1198
YW10-0218S,1,48,303,0,398,765
YW10-0218S,1,48,761,765,398,488
YW10-0218S,1,48,78,1253,398,762
YW10-0218S,1,48,453,0,706,2224
YW10-0218S,1,48,243,0,764,882
YW10-0218S,1,48,550,882,764,698
YW10-0218S,1,48,530,0,862,981
YW10-0218S,1,49,203,0,0,662
YW10-0218S,1,49,117,662,0,1.235500e+03
YW10-0218S,1,49,250,1.897500e+03,0,3.885000e+02
YW10-0218S,1,49,60,0,770,712
YW10-0218S,1,49,248,712,770,655
YW10-0218S,1,49,512,1367,770,4.345000e+02
YW10-0218S,1,50,42,0,0,754
YW10-0218S,1,50,369,754,0,5.245000e+02
YW10-0218S,1,50,424,0,3.875000e+02,1.619500e+03
YW10-0218S,1,51,208,0,0,579
YW10-0218S,1,51,669,0,1012,557
YW10-0218S,1,51,514,579,0,118
YW10-0218S,1,51,45,579,488,158
YW10-0218S,1,51,191,737,0,358
YW10-0218S,1,51,528,737,769,489
YW10-0218S,1,51,731,1226,0,377
YW10-0218S,1,51,274,1603,0,343
YW10-0218S,1,52,640,0,0,2294
YW10-0218S,1,52,765,0,38,2398
YW10-0218S,1,53,531,0,0,984
YW10-0218S,1,54,314,0,0,2101
YW10-0218S,1,55,382,0,0,821
YW10-0218S,1,55,33,0,5.995000e+02,264
YW10-0218S,1,55,307,821,0,564
YW10-0218S,1,55,317,821,4.145000e+02,198
YW10-0218S,1,56,712,0,0,2098
YW10-0218S,1,56,609,0,580,5.035000e+02
YW10-0218S,1,56,47,5.035000e+02,580,148
YW10-0218S,1,56,275,6.515000e+02,580,237
YW10-0218S,1,57,573,0,0,2081
YW10-0218S,1,57,257,0,419,638
YW10-0218S,1,57,714,638,419,786
YW10-0218S,1,57,238,1424,419,388
YW10-0218S,1,57,600,1812,419,1.535000e+02
YW10-0218S,1,58,760,0,0,523
YW10-0218S,1,58,146,523,0,568
YW10-0218S,1,58,323,1091,0,628
YW10-0218S,1,58,558,1719,0,488
YW10-0218S,1,58,5,2207,0,170
YW10-0218S,1,58,561,0,568,1362
YW10-0218S,1,58,103,1362,568,2.555000e+02
YW10-0218S,1,58,488,1.617500e+03,568,6.684000e+02
YW10-0218S,1,59,245,0,0,803
YW10-0218S,1,59,240,803,0,2.665000e+02
YW10-0218S,1,59,610,1.069500e+03,0,831
YW10-0218S,1,59,638,0,5.085000e+02,1998
YW10-0218S,1,59,308,0,8.385000e+02,998
YW10-0218S,1,60,101,0,0,1998
YW10-0218S,1,60,759,0,530,1165
YW10-0218S,1,60,234,1165,530,312
YW10-0218S,1,60,282,0,807,1048
YW10-0218S,1,61,651,0,0,762
YW10-0218S,1,61,681,0,508,2098
YW10-0218S,1,62,357,0,0,4.775000e+02
YW10-0218S,1,62,618,4.775000e+02,0,297
YW10-0218S,1,62,500,7.745000e+02,0,48
YW10-0218S,1,62,190,7.745000e+02,482,9.250000e+01
YW10-0218S,1,62,750,867,0,548
YW10-0218S,1,62,196,867,444,3.603000e+02
YW10-0218S,1,62,331,1415,0,4.538000e+02
YW10-0218S,1,62,465,1.868800e+03,0,366
YW10-0218S,1,63,330,0,0,1378
YW10-0218S,1,63,281,1378,0,420
YW10-0218S,1,63,177,0,598,1012
YW10-0218S,1,63,336,1012,598,841
YW10-0218S,1,63,214,1853,598,246
YW10-0218S,1,63,430,0,1166,798
YW10-0218S,1,64,105,0,0,367
YW10-0218S,1,64,664,0,517,610
YW10-0218S,1,64,373,610,0,88
YW10-0218S,1,64,80,698,0,540
YW10-0218S,1,64,732,698,7.485000e+02,118
YW10-0218S,1,65,656,0,0,2196
YW10-0218S,1,65,539,0,579,958
YW10-0218S,1,65,206,958,579,447
YW10-0218S,1,65,118,1405,579,338
YW10-0218S,1,66,287,0,0,2201
YW10-0218S,1,66,202,0,484,707
YW10-0218S,1,66,291,707,484,448
YW10-0218S,1,66,746,1155,484,512
YW10-0218S,1,66,519,1667,484,444
YW10-0218S,1,67,767,0,0,984
YW10-0218S,1,67,579,984,0,676
YW10-0218S,1,67,63,1660,0,540
YW10-0218S,1,67,334,0,427,588
YW10-0218S,1,67,70,588,427,395
YW10-0218S,1,67,423,983,427,379
YW10-0218S,1,67,517,1362,427,834
YW10-0218S,1,67,13,0,1155,2161
YW10-0218S,1,68,409,0,0,1598
YW10-0218S,1,68,352,1598,0,246
YW10-0218S,1,69,727,0,0,1931
YW10-0218S,1,69,259,0,771,2161
YW10-0218S,1,70,3,0,0,1.179500e+03
YW10-0218S,1,70,119,0,702,1625
YW10-0218S,1,70,504,0,760,881
YW10-0218S,1,70,724,881,760,363
YW10-0218S,1,70,443,1244,760,1028
YW10-0218S,1,70,75,0,1.147500e+03,673
YW10-0218S,1,71,529,0,0,288
YW10-0218S,1,71,296,288,0,322
YW10-0218S,1,71,86,610,0,1.350500e+03
YW10-0218S,1,71,474,0,430,4.985000e+02
YW10-0218S,1,71,565,4.985000e+02,430,704
YW10-0218S,1,71,456,1.202500e+03,430,227
YW10-0218S,1,71,346,0,800,1781
YW10-0218S,1,72,36,0,0,1198
YW10-0218S,1,72,297,1198,0,962
YW10-0218S,1,72,469,0,370,3.185000e+02
YW10-0218S,1,72,232,3.185000e+02,370,5.245000e+02
YW10-0218S,1,72,37,0,7.538000e+02,1964
YW10-0218S,1,73,507,0,0,618
YW10-0218S,1,73,276,618,0,517
YW10-0218S,1,73,65,1135,0,880
YW10-0218S,1,73,413,0,580,438
YW10-0218S,1,73,83,438,580,288
YW10-0218S,1,73,577,726,580,4.015000e+02
YW10-0218S,1,73,739,1.127500e+03,580,801
YW10-0218S,1,73,350,0,957,2062
YW10-0218S,1,74,475,0,0,370
YW10-0218S,1,74,172,0,508,2284
YW10-0218S,1,75,548,0,0,588
YW10-0218S,1,75,407,588,0,415
YW10-0218S,1,75,326,1003,0,1273
YW10-0218S,1,76,417,0,0,355
YW10-0218S,1,76,332,355,0,1797
YW10-0218S,1,76,521,2152,0,224
YW10-0218S,1,77,46,0,0,771
YW10-0218S,1,77,380,0,480,1.725000e+02
YW10-0218S,1,77,176,771,0,118
YW10-0218S,1,77,210,889,0,78
YW10-0218S,1,77,774,889,762,8.885000e+02
YW10-0218S,1,77,32,1.777500e+03,0,9.250000e+01
YW10-0218S,1,77,420,1.777500e+03,363,503
YW10-0218S,1,78,553,0,0,1366
YW10-0218S,1,78,74,1366,0,840
YW10-0218S,1,78,194,0,555,302
YW10-0218S,1,78,360,302,555,1998
YW10-0218S,1,79,421,0,0,555
YW10-0218S,1,79,699,555,0,328
YW10-0218S,1,80,644,0,0,1.638500e+03
YW10-0218S,1,80,152,1.638500e+03,0,116
YW10-0218S,1,81,280,0,0,1382
YW10-0218S,1,81,518,1382,0,461
YW10-0218S,1,81,38,1843,0,448
YW10-0218S,1,81,9,0,579,2348
YW10-0218S,1,81,685,0,1137,1362
YW10-0218S,1,82,82,0,0,1024
YW10-0218S,1,82,19,0,495,2078
YW10-0218S,1,82,222,2078,495,361
YW10-0218S,1,83,6,0,0,769
YW10-0218S,1,83,128,769,0,942
YW10-0218S,1,83,52,1711,0,6.625000e+02
YW10-0218S,1,83,733,0,558,398
YW10-0218S,1,83,170,0,1136,2393
YW10-0218S,1,84,756,0,0,3.675000e+02
YW10-0218S,1,84,345,3.675000e+02,0,278
YW10-0218S,1,84,233,3.675000e+02,398,239
YW10-0218S,1,84,538,6.455000e+02,0,249
YW10-0218S,1,84,464,6.455000e+02,402,489
YW10-0218S,1,85,557,0,0,1934
YW10-0218S,1,85,150,1934,0,484
YW10-0218S,1,85,406,0,4.205000e+02,598
YW10-0218S,1,85,178,0,7.505000e+02,2028
YW10-0218S,1,86,614,0,0,6.625000e+02
YW10-0218S,1,86,445,6.625000e+02,0,462
YW10-0218S,1,86,28,1.124500e+03,0,369
YW10-0218S,1,86,14,1.124500e+03,709,373
YW10-0218S,1,86,532,1.497500e+03,0,118
YW10-0218S,1,87,494,0,0,1797
YW10-0218S,1,88,670,0,0,706
YW10-0218S,1,88,356,0,279,2418
YW10-0218S,1,88,173,0,337,418
YW10-0218S,1,89,69,0,0,1981
YW10-0218S,1,89,567,1981,0,224
YW10-0218S,1,90,676,0,0,862
YW10-0218S,1,90,752,0,327,2308
YW10-0218S,1,90,143,0,674,355
YW10-0218S,1,90,686,355,674,1128
YW10-0218S,1,90,607,1483,674,364
YW10-0218S,1,91,620,0,0,631
YW10-0218S,1,91,97,631,0,881
YW10-0218S,1,91,537,0,428,2098
YW10-0218S,1,91,246,0,486,462
YW10-0218S,1,91,625,462,486,651
YW10-0218S,1,91,626,1113,486,719
YW10-0218S,1,91,207,1832,486,488
YW10-0218S,1,91,201,0,971,590
YW10-0218S,1,92,411,0,0,495
YW10-0218S,1,92,43,495,0,377
YW10-0218S,1,92,678,872,0,577
YW10-0218S,1,92,174,1449,0,38
YW10-0218S,1,93,319,0,0,1541
YW10-0218S,1,93,41,0,327,2198
YW10-0218S,1,93,141,0,525,724
YW10-0218S,1,93,49,724,525,1159
YW10-0218S,1,93,472,1883,525,548
YW10-0218S,1,94,601,0,0,359
YW10-0218S,1,94,298,0,5.245000e+02,373
YW10-0218S,1,94,387,373,0,6.225000e+02
YW10-0218S,1,95,263,0,0,1247
YW10-0218S,1,95,21,1247,0,753
YW10-0218S,1,95,578,0,722,1460
YW10-0218S,1,95,230,1460,722,812
YW10-0218S,1,96,431,0,0,2001
YW10-0218S,1,96,192,0,871,534
YW10-0218S,1,96,705,534,871,354
YW10-0218S,1,97,277,0,0,577
YW10-0218S,1,97,569,577,0,677
YW10-0218S,1,97,289,1254,0,38
YW10-0218S,1,97,79,1292,0,578
YW10-0218S,1,98,492,0,0,796
YW10-0218S,1,98,195,796,0,783
YW10-0218S,1,98,253,1579,0,847
YW10-0218S,1,98,611,0,583,880
YW10-0218S,1,98,715,880,583,526
YW10-0218S,1,98,398,1406,583,1001
YW10-0218S,1,99,121,0,0,190
YW10-0218S,1,99,58,190,0,338
YW10-0218S,1,99,498,528,0,3.515000e+02
YW10-0218S,1,99,131,8.795000e+02,0,860
YW10-0218S,1,99,412,0,840,1618
YW10-0218S,1,100,76,0,0,898
YW10-0218S,1,100,450,898,0,438
YW10-0218S,1,100,713,0,158,2198
YW10-0218S,1,100,415,0,216,822
YW10-0218S,1,100,137,822,216,2.665000e+02
YW10-0218S,1,100,25,0,6.095000e+02,2398
YW10-0218S,1,100,92,0,9.085000e+02,668
YW10-0218S,1,101,451,0,0,549
YW10-0218S,1,101,266,0,771,368
YW10-0218S,1,101,364,549,0,58
YW10-0218S,1,101,399,607,0,237
YW10-0218S,1,101,140,844,0,428
YW10-0218S,1,101,187,1272,0,402
YW10-0218S,1,102,726,0,0,1678
YW10-0218S,1,102,339,1678,0,617
YW10-0218S,1,102,698,0,278,4.705000e+02
YW10-0218S,1,102,351,4.705000e+02,278,361
YW10-0218S,1,102,617,8.315000e+02,278,438
YW10-0218S,1,102,184,1.269500e+03,278,288
YW10-0218S,1,102,533,1.557500e+03,278,390
YW10-0218S,1,103,689,0,0,882
YW10-0218S,1,103,725,882,0,400
YW10-0218S,1,103,167,1282,0,238
YW10-0218S,1,103,722,1520,0,415
YW10-0218S,1,103,294,1935,0,2.945000e+02
YW10-0218S,1,103,704,0,536,2034
YW10-0218S,1,104,754,0,0,847
YW10-0218S,1,104,301,847,0,651
YW10-0218S,1,104,223,1498,0,4.985000e+02
YW10-0218S,1,104,225,0,610,706
YW10-0218S,1,104,182,706,610,1498
YW10-0218S,1,104,581,0,889,2103
YW10-0218S,1,104,123,0,947,388
YW10-0218S,1,105,26,0,0,418
YW10-0218S,1,105,321,418,0,811
YW10-0218S,1,105,98,0,761,1462
YW10-0218S,1,105,703,1462,761,3.605000e+02
YW10-0218S,1,105,388,1.822500e+03,761,4.635000e+02
YW10-0218S,1,106,594,0,0,760
YW10-0218S,1,106,470,0,4.015000e+02,58
YW10-0218S,1,106,171,760,0,4.633000e+02
YW10-0218S,1,106,111,760,275,38
YW10-0218S,1,106,516,1.223300e+03,0,318
YW10-0218S,1,106,682,1.541300e+03,0,167
YW10-0218S,1,107,2,0,0,2147
YW10-0218S,1,107,654,2147,0,288
YW10-0218S,1,107,164,0,517,2118
YW10-0218S,1,107,688,0,575,802
YW10-0218S,1,108,628,0,0,1658
YW10-0218S,1,108,562,1658,0,770
YW10-0218S,1,108,449,0,530,847
YW10-0218S,1,108,677,847,530,862
YW10-0218S,1,108,185,1709,530,448
YW10-0218S,1,109,4,0,0,1998
YW10-0218S,1,109,379,1998,0,438
YW10-0218S,1,109,325,0,558,2014
YW10-0218S,1,110,148,0,0,327
YW10-0218S,1,110,536,0,777,328
YW10-0218S,1,110,448,328,0,370
YW10-0218S,1,110,220,698,0,489
YW10-0218S,1,110,125,698,344,747
YW10-0218S,1,110,283,698,724,249
YW10-0218S,1,110,616,1445,0,448
YW10-0218S,1,110,436,1893,0,294
YW10-0218S,1,111,221,0,0,801
YW10-0218S,1,111,770,801,0,507
YW10-0218S,1,111,486,1308,0,729
YW10-0218S,1,111,338,0,579,1998
YW10-0218S,1,111,347,0,637,680
YW10-0218S,1,111,186,680,637,8.885000e+02
YW10-0218S,1,111,122,1.568500e+03,637,370
YW10-0218S,1,111,90,1.938500e+03,637,478
YW10-0218S,1,112,404,0,0,484
YW10-0218S,1,112,439,484,0,370
YW10-0218S,1,112,197,854,0,5.815000e+02
YW10-0218S,1,112,426,1.435500e+03,0,460
YW10-0218S,1,112,427,0,389,2251
YW10-0218S,1,113,295,0,0,6.965000e+02
YW10-0218S,1,113,27,0,4.538000e+02,2182
YW10-0218S,1,113,50,0,1.032800e+03,2048
YW10-0218S,1,114,718,0,0,771
YW10-0218S,1,114,183,771,0,260
YW10-0218S,1,114,368,1031,0,448
YW10-0218S,1,114,418,0,503,1934
YW10-0218S,1,114,251,1934,503,488
YW10-0218S,1,115,665,0,0,3.788000e+02
YW10-0218S,1,115,175,0,464,373
YW10-0218S,1,115,261,3.788000e+02,0,529
YW10-0218S,1,115,389,9.078000e+02,0,555
YW10-0218S,1,115,414,1.462800e+03,0,579
YW10-0218S,1,115,458,2.041800e+03,0,357
YW10-0218S,1,116,77,0,0,2273
YW10-0218S,1,116,311,0,576,361
YW10-0218S,1,116,87,361,576,177
YW10-0218S,1,116,737,538,576,672
YW10-0218S,1,116,696,1210,576,880
YW10-0218S,1,117,108,0,0,898
YW10-0218S,1,117,64,898,0,3.345000e+02
YW10-0218S,1,117,61,0,544,2367
YW10-0218S,1,118,484,0,0,477
YW10-0218S,1,118,547,0,502,2.145000e+02
YW10-0218S,1,118,762,477,0,329
YW10-0218S,1,118,441,477,704,395
YW10-0218S,1,118,188,872,0,3.505000e+02
YW10-0218S,1,118,199,1.222500e+03,0,348
YW10-0218S,1,118,316,1.570500e+03,0,395
YW10-0218S,1,118,205,1.965500e+03,0,1.985000e+02
YW10-0218S,1,119,155,0,0,558
YW10-0218S,1,119,343,0,418,58
YW10-0218S,1,119,397,558,0,558
YW10-0218S,1,119,95,1116,0,558
YW10-0218S,1,119,744,1674,0,578
YW10-0218S,1,120,168,0,0,1962
YW10-0218S,1,121,559,0,0,5.165000e+02
YW10-0218S,1,121,729,5.165000e+02,0,625
YW10-0218S,1,121,747,0,702,1462
YW10-0218S,1,122,115,0,0,2388
YW10-0218S,1,122,524,0,558,813
YW10-0218S,1,122,219,813,558,760
YW10-0218S,1,123,645,0,0,882
YW10-0218S,1,123,515,882,0,417
YW10-0218S,1,123,622,882,522,279
YW10-0218S,1,123,633,1299,0,158
YW10-0218S,1,124,479,0,0,2338
YW10-0218S,1,125,442,0,0,898
YW10-0218S,1,125,583,0,3.505000e+02,328
YW10-0218S,1,125,700,898,0,327
YW10-0218S,1,125,144,1225,0,58
YW10-0218S,1,126,129,0,0,1458
YW10-0218S,1,126,29,1458,0,2.615000e+02
YW10-0218S,1,127,660,0,0,1362
YW10-0218S,1,127,522,1362,0,4.445000e+02
YW10-0218S,1,127,376,0,565,991
YW10-0218S,1,127,748,991,565,1080
YW10-0218S,1,128,657,0,0,8.635000e+02
YW10-0218S,1,129,383,0,0,2034
YW10-0218S,1,129,53,2034,0,270
YW10-0218S,1,129,576,0,384,694
YW10-0218S,1,129,680,694,384,2.615000e+02
YW10-0218S,1,129,589,9.555000e+02,384,224
YW10-0218S,1,130,344,0,0,2081
YW10-0218S,1,130,592,0,579,1738
YW10-0218S,1,130,679,0,637,831
YW10-0218S,1,130,23,831,637,338
YW10-0218S,1,130,384,1169,637,7.331000e+02
YW10-0218S,1,131,1,0,0,1339
YW10-0218S,1,131,422,1339,0,666
YW10-0218S,1,131,462,0,3.525000e+02,811
YW10-0218S,1,131,543,811,3.525000e+02,341
YW10-0218S,1,131,134,1152,3.525000e+02,394
YW10-0218S,1,131,278,1546,3.525000e+02,690
YW10-0218S,1,132,637,0,0,528
YW10-0218S,1,132,335,528,0,308
YW10-0218S,1,133,546,0,0,2001
YW10-0218S,1,134,491,0,0,984
YW10-0218S,1,134,200,0,577,1818
YW10-0218S,1,134,204,1818,577,521
YW10-0218S,1,135,598,0,0,397
YW10-0218S,1,135,212,0,579,2353
YW10-0218S,1,135,478,0,907,362
YW10-0218S,1,136,652,0,0,382
YW10-0218S,1,136,646,0,1.605000e+02,721
YW10-0218S,1,136,501,721,0,58
YW10-0218S,1,136,267,779,0,358
YW10-0218S,1,136,228,1137,0,556
YW10-0218S,1,136,487,1137,410,118
YW10-0218S,1,136,244,1693,0,1.325000e+02
YW10-0218S,1,136,145,1693,483,416
YW10-0218S,1,136,96,2109,0,327
YW10-0218S,1,137,8,0,0,2348
YW10-0218S,1,137,366,0,630,1498
YW10-0218S,1,137,582,1498,630,383
YW10-0218S,1,138,393,0,0,1517
YW10-0218S,1,138,0,0,559,2001
YW10-0218S,1,138,22,2001,559,344
YW10-0218S,1,139,526,0,0,2098
YW10-0218S,1,139,655,0,558,664
YW10-0218S,1,139,348,664,558,973
YW10-0218S,1,139,630,0,886,1968
YW10-0218S,1,140,10,0,0,1568
YW10-0218S,1,140,499,1568,0,380
YW10-0218S,1,141,603,0,0,572
YW10-0218S,1,141,692,572,0,370
YW10-0218S,1,141,162,942,0,298
YW10-0218S,1,141,619,1240,0,3.075000e+02
YW10-0218S,1,141,743,1240,862,536
YW10-0218S,1,142,400,0,0,728
YW10-0218S,1,142,285,0,562,198
YW10-0218S,1,142,690,728,0,878
YW10-0218S,1,142,153,728,461,58
YW10-0218S,1,142,428,1606,0,3.605000e+02
YW10-0218S,1,142,68,1.966500e+03,0,328
YW10-0218S,1,143,31,0,0,503
YW10-0218S,1,143,290,503,0,711
YW10-0218S,1,143,549,1214,0,338
YW10-0218S,1,143,590,1552,0,680
YW10-0218S,1,143,264,0,378,2109
YW10-0218S,1,143,132,0,7.505000e+02,1625
YW10-0218S,1,144,684,0,0,241
YW10-0218S,1,144,751,241,0,382
YW10-0218S,1,144,56,623,0,882
YW10-0218S,1,144,159,1505,0,301
YW10-0218S,1,144,20,0,528,1625
YW10-0218S,1,145,375,0,0,2098
YW10-0218S,1,145,169,0,558,840
YW10-0218S,1,145,272,840,558,461
YW10-0218S,1,146,239,0,0,4.685000e+02
YW10-0218S,1,146,454,4.685000e+02,0,362
YW10-0218S,1,146,497,0,816,2108
YW10-0218S,1,146,163,0,874,414
YW10-0218S,1,147,16,0,0,942
YW10-0218S,1,147,313,942,0,331
YW10-0218S,1,147,165,0,392,1642
YW10-0218S,1,147,775,1642,392,776
YW10-0218S,1,147,39,0,971,713
YW10-0218S,1,148,217,0,0,912
YW10-0218S,1,148,627,912,0,288
YW10-0218S,1,148,437,1200,0,707
YW10-0218S,1,148,241,1907,0,370
YW10-0218S,1,148,447,0,529,1797
YW10-0218S,1,148,673,0,857,882
YW10-0218S,1,149,24,0,0,735
YW10-0218S,1,149,99,0,558,2101
YW10-0218S,1,150,675,0,0,1620
YW10-0218S,1,150,198,1620,0,7.015000e+02
YW10-0218S,1,150,365,0,377,3.735000e+02
YW10-0218S,1,150,612,3.735000e+02,377,527
YW10-0218S,1,150,236,9.005000e+02,377,495
YW10-0218S,1,150,363,0,772,1618
YW10-0218S,1,150,666,1618,772,464
YW10-0218S,1,151,554,0,0,758
YW10-0218S,1,151,127,0,98,2001
YW10-0218S,1,151,769,0,677,660
YW10-0218S,1,151,358,660,677,797
YW10-0218S,1,151,763,1457,677,635
YW10-0218S,1,152,460,0,0,1901
YW10-0218S,1,152,580,1901,0,430
YW10-0218S,1,152,85,0,821,443
YW10-0218S,1,152,476,443,821,671
YW10-0218S,1,153,337,0,0,364
YW10-0218S,1,153,511,364,0,2.063500e+03
YW10-0218S,1,153,362,0,439,2196
YW10-0218S,1,153,555,0,497,738
YW10-0218S,1,153,606,738,497,992
YW10-0218S,1,154,694,0,0,1998
YW10-0218S,1,154,271,0,580,933
YW10-0218S,1,155,113,0,0,2398
YW10-0218S,1,155,495,0,328,463
YW10-0218S,1,155,650,463,328,1536
YW10-0218S,1,156,636,0,0,1326
YW10-0218S,1,157,741,0,0,2251
YW10-0218S,1,158,247,0,0,462
YW10-0218S,1,158,107,462,0,793
YW10-0218S,1,158,440,0,4.465000e+02,1437
YW10-0218S,1,158,333,0,5.045000e+02,2098
YW10-0218S,1,158,429,0,7.945000e+02,942
YW10-0218S,1,158,81,942,7.945000e+02,282
YW10-0218S,1,158,459,1224,7.945000e+02,880
YW10-0218S,1,159,572,0,0,438
YW10-0218S,1,159,461,438,0,588
YW10-0218S,1,159,649,1026,0,918
YW10-0218S,1,159,471,0,572,2284
YW10-0218S,1,160,390,0,0,787
YW10-0218S,1,161,535,0,0,2001
YW10-0218S,1,162,293,0,0,2058
YW10-0218S,1,162,160,0,458,4.145000e+02
YW10-0218S,1,162,513,4.145000e+02,458,2014
YW10-0218S,1,163,30,0,0,1.517500e+03
YW10-0218S,1,163,710,1.517500e+03,0,361
YW10-0218S,1,163,157,1.878500e+03,0,468
YW10-0218S,1,163,635,0,575,338
YW10-0218S,1,163,361,0,693,2292
YW10-0218S,1,163,216,0,751,712
YW10-0218S,1,163,229,712,751,971
YW10-0218S,1,164,255,0,0,2020
YW10-0218S,1,164,286,2020,0,356
YW10-0218S,1,164,67,0,437,338
YW10-0218S,1,164,556,338,437,488
YW10-0218S,1,164,320,826,437,464
YW10-0218S,1,164,226,1290,437,488
YW10-0218S,1,164,520,0,8.158000e+02,881
YW10-0218S,1,164,662,881,8.158000e+02,841
YW10-0218S,1,165,273,0,0,668
YW10-0218S,1,165,523,668,0,1218
YW10-0218S,1,165,623,1886,0,4.985000e+02
YW10-0218S,1,165,641,0,545,1551
YW10-0218S,1,165,425,0,988,1970
YW10-0218S,1,165,695,0,1046,821
YW10-0218S,1,165,292,821,1046,632
YW10-0218S,1,166,254,0,0,762
YW10-0218S,1,166,324,762,0,347
YW10-0218S,1,166,719,1109,0,594
YW10-0218S,1,166,438,0,439,766
YW10-0218S,1,166,353,766,439,1382
YW10-0218S,1,166,126,0,1.016500e+03,388
YW10-0218S,1,167,702,0,0,2.725000e+02
YW10-0218S,1,167,211,0,534,2.775000e+02
YW10-0218S,1,167,371,2.775000e+02,0,289
YW10-0218S,1,167,485,5.665000e+02,0,118
YW10-0218S,1,167,687,5.665000e+02,488,558
YW10-0218S,1,168,615,0,0,2198
YW10-0218S,1,168,124,0,580,938
YW10-0218S,1,168,672,938,580,691
YW10-0218S,1,169,315,0,0,2198
YW10-0218S,1,169,88,0,578,448
YW10-0218S,1,169,552,448,578,461
YW10-0218S,1,170,758,0,0,2.334500e+03
YW10-0218S,1,170,410,0,311,400
YW10-0218S,1,170,213,400,311,821
YW10-0218S,1,171,94,0,0,930
YW10-0218S,1,172,252,0,0,2301
YW10-0218S,1,173,621,0,0,795
YW10-0218S,1,173,648,795,0,58
YW10-0218S,1,173,327,853,0,98
YW10-0218S,1,173,647,853,743,557
YW10-0218S,1,173,466,1410,0,9.250000e+01
