YW10-0218S,20,0,871.000000,0.000000,58.000000,2001.000000
YW10-0218S,89,1,0.000000,0.000000,352.500000,1339.000000
YW10-0218S,44,2,0.000000,0.000000,517.000000,2147.000000
YW10-0218S,13,3,0.000000,711.000000,1179.500000,702.000000
YW10-0218S,43,4,579.000000,0.000000,558.000000,1998.000000
YW10-0218S,29,5,1042.000000,1517.500000,170.000000,568.000000
YW10-0218S,73,6,0.000000,350.500000,769.000000,358.000000
YW10-0218S,80,7,877.000000,0.000000,92.500000,343.000000
YW10-0218S,32,8,0.000000,0.000000,630.000000,2348.000000
YW10-0218S,32,9,630.000000,0.000000,558.000000,2348.000000
YW10-0218S,60,10,812.000000,0.000000,368.000000,1568.000000
YW10-0218S,76,11,0.000000,308.000000,878.000000,478.000000
YW10-0218S,35,12,1181.000000,387.000000,38.000000,925.000000
YW10-0218S,40,13,1157.500000,92.500000,58.000000,2161.000000
YW10-0218S,54,14,847.000000,1231.500000,373.000000,461.000000
YW10-0218S,26,15,898.000000,753.000000,245.000000,439.000000
YW10-0218S,70,16,0.000000,0.000000,942.000000,392.000000
YW10-0218S,77,17,0.000000,0.000000,400.000000,1320.500000
YW10-0218S,2,18,711.000000,0.000000,508.000000,289.000000
YW10-0218S,41,19,1116.000000,0.000000,98.000000,2078.000000
YW10-0218S,83,20,796.000000,0.000000,377.000000,1625.000000
YW10-0218S,43,21,0.000000,2001.000000,753.000000,172.500000
YW10-0218S,65,22,770.000000,1381.000000,344.000000,530.000000
YW10-0218S,70,23,996.500000,720.000000,198.000000,338.000000
YW10-0218S,56,24,0.000000,348.000000,735.000000,558.000000
YW10-0218S,11,25,721.000000,0.000000,299.000000,2398.000000
YW10-0218S,90,26,723.000000,448.000000,458.000000,418.000000
YW10-0218S,17,27,636.000000,0.000000,579.000000,2182.000000
YW10-0218S,24,28,0.000000,0.000000,709.000000,369.000000
YW10-0218S,29,29,0.000000,2094.500000,907.500000,261.500000
YW10-0218S,29,30,0.000000,0.000000,258.000000,1517.500000
YW10-0218S,59,31,948.000000,1173.000000,172.500000,503.000000
YW10-0218S,84,32,1110.500000,834.500000,92.500000,363.000000
YW10-0218S,69,33,848.000000,1381.000000,264.000000,470.000000
YW10-0218S,31,34,521.000000,0.000000,531.000000,387.500000
YW10-0218S,78,35,0.000000,1393.000000,507.000000,415.000000
YW10-0218S,77,36,400.000000,0.000000,370.000000,1198.000000
YW10-0218S,48,37,820.800000,365.300000,395.000000,1964.000000
YW10-0218S,56,38,761.000000,1256.500000,448.000000,550.000000
YW10-0218S,42,39,522.000000,797.000000,132.500000,713.000000
YW10-0218S,85,40,1024.000000,1898.500000,158.000000,488.000000
YW10-0218S,1,41,956.000000,0.000000,198.000000,2198.000000
YW10-0218S,52,42,801.500000,562.000000,387.500000,754.000000
YW10-0218S,28,43,464.000000,1925.000000,460.000000,377.000000
YW10-0218S,20,44,568.000000,2001.000000,593.000000,225.000000
YW10-0218S,33,45,909.000000,606.000000,158.000000,438.000000
YW10-0218S,58,46,0.000000,278.000000,771.000000,480.000000
YW10-0218S,33,47,840.000000,0.000000,148.000000,548.000000
YW10-0218S,45,48,270.000000,0.000000,38.000000,2353.000000
YW10-0218S,68,49,0.000000,258.000000,1159.000000,548.000000
YW10-0218S,41,50,998.000000,0.000000,118.000000,2048.000000
YW10-0218S,59,51,0.000000,529.000000,717.000000,644.000000
YW10-0218S,3,52,0.000000,1602.000000,662.500000,558.000000
YW10-0218S,92,53,880.000000,1284.000000,258.000000,270.000000
YW10-0218S,56,54,880.000000,0.000000,198.000000,338.000000
YW10-0218S,79,55,0.000000,1998.000000,666.000000,294.500000
YW10-0218S,57,56,0.000000,0.000000,882.000000,447.000000
YW10-0218S,12,57,462.000000,0.000000,441.500000,2114.000000
YW10-0218S,89,58,1092.500000,978.000000,118.000000,338.000000
YW10-0218S,90,59,0.000000,2082.500000,1128.000000,348.000000
YW10-0218S,87,60,0.000000,1423.800000,712.000000,327.000000
YW10-0218S,14,61,967.000000,0.000000,218.000000,2367.000000
YW10-0218S,94,62,0.000000,446.500000,701.000000,260.000000
YW10-0218S,73,63,783.000000,1035.500000,427.000000,540.000000
YW10-0218S,54,64,863.000000,1814.500000,334.500000,544.000000
YW10-0218S,92,65,0.000000,1284.000000,880.000000,328.000000
YW10-0218S,100,66,0.000000,0.000000,337.000000,1755.000000
YW10-0218S,80,67,969.500000,0.000000,158.000000,338.000000
YW10-0218S,70,68,0.000000,392.000000,880.000000,328.000000
YW10-0218S,2,69,0.000000,327.500000,1063.000000,1981.000000
YW10-0218S,88,70,821.000000,361.000000,395.000000,560.000000
YW10-0218S,18,71,1007.000000,0.000000,138.000000,1462.000000
YW10-0218S,16,72,0.000000,882.000000,998.000000,866.000000
YW10-0218S,39,73,558.000000,0.000000,98.000000,2388.000000
YW10-0218S,64,74,0.000000,1469.000000,840.000000,555.000000
YW10-0218S,67,75,1159.500000,0.000000,58.000000,673.000000
YW10-0218S,13,76,0.000000,558.000000,898.000000,153.000000
YW10-0218S,8,77,632.000000,0.000000,576.000000,2273.000000
YW10-0218S,93,78,0.000000,1364.000000,762.000000,237.000000
YW10-0218S,69,79,651.000000,373.000000,530.000000,578.000000
YW10-0218S,83,80,0.000000,1658.000000,748.500000,540.000000
YW10-0218S,77,81,998.000000,1733.500000,214.500000,282.000000
YW10-0218S,85,82,0.000000,1898.500000,1024.000000,495.000000
YW10-0218S,94,83,1008.000000,706.500000,158.000000,288.000000
YW10-0218S,87,85,991.000000,508.000000,226.500000,443.000000
YW10-0218S,82,86,656.000000,0.000000,430.000000,1350.500000
YW10-0218S,73,87,862.000000,708.500000,177.000000,197.500000
YW10-0218S,25,88,771.000000,1658.000000,448.000000,58.000000
YW10-0218S,56,89,0.000000,1256.500000,761.000000,555.000000
YW10-0218S,12,90,903.500000,1536.000000,278.000000,478.000000
YW10-0218S,89,92,0.000000,1339.000000,668.000000,299.000000
YW10-0218S,31,93,0.000000,907.500000,1165.000000,571.000000
YW10-0218S,86,94,0.000000,1016.000000,1121.000000,930.000000
YW10-0218S,13,95,0.000000,0.000000,711.000000,558.000000
YW10-0218S,97,96,825.000000,489.000000,327.000000,1162.000000
YW10-0218S,58,97,0.000000,1366.000000,881.000000,428.000000
YW10-0218S,49,98,1134.000000,0.000000,58.000000,1462.000000
YW10-0218S,4,99,877.000000,0.000000,329.000000,2101.000000
YW10-0218S,99,100,0.000000,0.000000,674.000000,317.000000
YW10-0218S,79,101,0.000000,0.000000,530.000000,1998.000000
YW10-0218S,79,102,530.000000,0.000000,530.000000,1998.000000
YW10-0218S,88,103,758.000000,940.000000,419.800000,255.500000
YW10-0218S,61,104,508.000000,1722.000000,643.000000,277.000000
YW10-0218S,96,105,684.000000,2003.000000,517.000000,367.000000
YW10-0218S,100,106,0.000000,1755.000000,935.500000,369.000000
YW10-0218S,94,107,0.000000,0.000000,793.000000,446.500000
YW10-0218S,81,108,0.000000,2007.500000,898.000000,367.000000
YW10-0218S,95,109,811.000000,1266.000000,393.000000,309.000000
YW10-0218S,12,111,903.500000,2014.000000,278.000000,38.000000
YW10-0218S,86,112,0.000000,0.000000,660.000000,538.500000
YW10-0218S,11,113,393.000000,0.000000,328.000000,2398.000000
YW10-0218S,24,114,821.000000,369.000000,347.000000,1797.000000
YW10-0218S,39,115,0.000000,0.000000,558.000000,2388.000000
YW10-0218S,49,116,559.000000,0.000000,517.000000,1480.000000
YW10-0218S,97,117,543.000000,489.000000,282.000000,1235.500000
YW10-0218S,90,118,1128.000000,2082.500000,78.000000,338.000000
YW10-0218S,60,119,377.000000,0.000000,58.000000,1625.000000
YW10-0218S,80,120,717.000000,1764.500000,498.500000,560.000000
YW10-0218S,16,121,998.000000,882.000000,190.000000,840.000000
YW10-0218S,72,122,802.000000,1954.500000,370.000000,308.000000
YW10-0218S,55,123,1055.000000,1453.000000,158.000000,388.000000
YW10-0218S,42,124,406.000000,0.000000,58.000000,938.000000
YW10-0218S,15,125,0.000000,2001.000000,747.000000,380.000000
YW10-0218S,64,126,1084.000000,1075.000000,118.000000,388.000000
YW10-0218S,43,127,0.000000,0.000000,579.000000,2001.000000
YW10-0218S,42,128,290.000000,950.000000,58.000000,942.000000
YW10-0218S,100,129,337.000000,0.000000,369.000000,1458.000000
YW10-0218S,26,130,0.000000,695.000000,847.000000,58.000000
YW10-0218S,42,131,737.500000,0.000000,58.000000,860.000000
YW10-0218S,60,132,0.000000,0.000000,377.000000,1625.000000
YW10-0218S,22,133,790.000000,0.000000,377.000000,2065.000000
YW10-0218S,64,134,0.000000,1075.000000,557.000000,394.000000
YW10-0218S,90,135,0.000000,1384.500000,788.000000,698.000000
YW10-0218S,57,136,882.000000,0.000000,245.000000,439.000000
YW10-0218S,96,137,765.000000,461.000000,393.500000,266.500000
YW10-0218S,99,138,0.000000,756.000000,844.000000,395.000000
YW10-0218S,39,139,656.000000,0.000000,558.000000,2098.000000
YW10-0218S,92,140,0.000000,402.000000,723.000000,428.000000
YW10-0218S,28,141,0.000000,431.000000,724.000000,58.000000
YW10-0218S,77,142,826.000000,1320.500000,394.000000,395.000000
YW10-0218S,99,143,798.000000,317.000000,355.000000,439.000000
YW10-0218S,42,144,348.000000,0.000000,58.000000,942.000000
YW10-0218S,31,145,762.000000,398.000000,416.000000,241.000000
YW10-0218S,91,146,651.000000,1035.000000,568.000000,92.500000
YW10-0218S,24,147,1168.000000,369.000000,38.000000,1798.000000
YW10-0218S,96,148,0.000000,1676.000000,777.000000,327.000000
YW10-0218S,42,149,290.000000,0.000000,58.000000,950.000000
YW10-0218S,48,150,0.000000,0.000000,484.000000,365.300000
YW10-0218S,2,151,1063.000000,327.500000,98.000000,1884.000000
YW10-0218S,50,152,668.400000,1934.000000,537.000000,116.000000
YW10-0218S,3,153,1150.500000,1602.000000,58.000000,399.000000
YW10-0218S,71,155,801.000000,905.000000,418.000000,558.000000
YW10-0218S,88,156,830.000000,0.000000,327.000000,361.000000
YW10-0218S,75,157,577.000000,1211.000000,575.000000,468.000000
YW10-0218S,42,158,232.000000,1012.000000,58.000000,956.000000
YW10-0218S,91,159,910.000000,1513.000000,301.000000,358.000000
YW10-0218S,83,160,748.500000,1658.000000,414.500000,535.000000
YW10-0218S,63,161,0.000000,1610.000000,1165.000000,491.000000
YW10-0218S,67,162,0.000000,1619.000000,649.500000,298.000000
YW10-0218S,78,163,1014.000000,1393.000000,151.500000,414.000000
YW10-0218S,44,164,1020.000000,0.000000,58.000000,2118.000000
YW10-0218S,19,165,577.000000,0.000000,579.000000,1642.000000
YW10-0218S,97,166,0.000000,1855.000000,710.000000,508.000000
YW10-0218S,26,167,1089.000000,1811.000000,118.000000,238.000000
YW10-0218S,36,168,0.000000,0.000000,734.000000,1962.000000
YW10-0218S,33,169,0.000000,0.000000,840.000000,548.000000
YW10-0218S,11,170,1173.500000,0.000000,38.000000,2393.000000
YW10-0218S,94,171,933.000000,1666.500000,275.000000,463.300000
YW10-0218S,22,172,0.000000,0.000000,395.000000,2284.000000
YW10-0218S,92,173,723.000000,402.000000,464.000000,418.000000
YW10-0218S,22,174,1167.000000,1391.000000,38.000000,577.000000
YW10-0218S,69,175,0.000000,0.000000,460.000000,373.000000
YW10-0218S,60,176,719.000000,2236.800000,488.000000,118.000000
YW10-0218S,42,177,174.000000,1048.000000,58.000000,1012.000000
YW10-0218S,42,178,116.000000,0.000000,58.000000,2028.000000
YW10-0218S,67,179,1101.500000,0.000000,58.000000,718.000000
YW10-0218S,82,180,1144.000000,0.000000,58.000000,1417.000000
YW10-0218S,75,181,880.000000,863.000000,248.000000,327.000000
YW10-0218S,49,182,1076.000000,0.000000,58.000000,1498.000000
YW10-0218S,70,183,942.000000,0.000000,260.000000,378.000000
YW10-0218S,51,184,1038.000000,1894.500000,118.000000,288.000000
YW10-0218S,57,185,618.000000,1606.300000,448.000000,580.000000
YW10-0218S,71,186,0.000000,1484.000000,888.500000,347.000000
YW10-0218S,92,187,0.000000,0.000000,921.000000,402.000000
YW10-0218S,73,188,0.000000,0.000000,706.500000,350.500000
YW10-0218S,96,189,777.000000,1676.000000,370.000000,308.000000
YW10-0218S,91,190,651.000000,1127.500000,568.000000,92.500000
YW10-0218S,76,191,0.000000,979.500000,769.000000,358.000000
YW10-0218S,99,192,674.000000,0.000000,534.000000,272.500000
YW10-0218S,31,193,1052.000000,0.000000,158.000000,388.000000
YW10-0218S,82,194,1086.000000,1437.000000,58.000000,302.000000
YW10-0218S,73,195,0.000000,1035.500000,783.000000,577.000000
YW10-0218S,96,196,846.000000,1112.000000,360.300000,560.500000
YW10-0218S,40,197,0.000000,0.000000,581.500000,92.500000
YW10-0218S,61,198,0.000000,1362.000000,701.500000,360.000000
YW10-0218S,80,199,0.000000,343.000000,1128.000000,348.000000
YW10-0218S,50,200,1147.000000,0.000000,58.000000,1818.000000
YW10-0218S,2,201,0.000000,2308.500000,590.000000,58.000000
YW10-0218S,97,202,0.000000,0.000000,707.000000,489.000000
YW10-0218S,94,203,0.000000,1004.500000,770.000000,662.000000
YW10-0218S,31,204,0.000000,0.000000,521.000000,398.000000
YW10-0218S,46,205,0.000000,0.000000,743.000000,198.500000
YW10-0218S,52,206,728.000000,0.000000,447.000000,560.000000
YW10-0218S,84,207,662.500000,0.000000,485.000000,488.000000
YW10-0218S,26,208,0.000000,0.000000,1012.000000,579.000000
YW10-0218S,44,209,517.000000,0.000000,503.000000,2098.000000
YW10-0218S,30,210,0.000000,499.500000,762.000000,78.000000
YW10-0218S,78,211,760.000000,577.000000,407.000000,277.500000
YW10-0218S,14,212,328.000000,0.000000,328.000000,2353.000000
YW10-0218S,33,213,0.000000,548.000000,821.000000,58.000000
YW10-0218S,67,214,649.500000,1619.000000,568.000000,246.000000
YW10-0218S,67,216,0.000000,720.000000,712.000000,327.000000
YW10-0218S,72,217,0.000000,1425.500000,912.000000,529.000000
YW10-0218S,90,218,898.000000,0.000000,317.000000,396.500000
YW10-0218S,76,219,0.000000,0.000000,760.000000,308.000000
YW10-0218S,30,220,863.500000,0.000000,344.000000,489.000000
YW10-0218S,71,221,0.000000,905.000000,801.000000,579.000000
YW10-0218S,97,222,710.000000,1855.000000,361.000000,508.000000
YW10-0218S,55,223,709.000000,1848.000000,498.500000,550.000000
YW10-0218S,19,224,721.000000,1782.000000,489.000000,582.500000
YW10-0218S,95,225,0.000000,677.000000,706.000000,279.000000
YW10-0218S,33,226,1141.500000,0.000000,78.000000,488.000000
YW10-0218S,78,227,776.000000,904.000000,357.500000,489.000000
YW10-0218S,71,228,783.000000,0.000000,410.000000,556.000000
YW10-0218S,26,229,0.000000,1811.000000,971.000000,297.000000
YW10-0218S,8,230,0.000000,2301.000000,812.000000,58.000000
YW10-0218S,97,231,295.000000,489.000000,248.000000,1273.000000
YW10-0218S,53,232,0.000000,528.000000,524.500000,383.800000
YW10-0218S,91,233,0.000000,1274.000000,651.000000,239.000000
YW10-0218S,70,234,930.000000,1080.500000,277.000000,312.000000
YW10-0218S,45,235,0.000000,0.000000,58.000000,2418.000000
YW10-0218S,55,236,560.000000,1453.000000,495.000000,395.000000
YW10-0218S,69,237,0.000000,1851.000000,904.000000,459.500000
YW10-0218S,68,238,942.000000,806.000000,238.000000,388.000000
YW10-0218S,71,239,0.000000,1831.000000,816.000000,468.500000
YW10-0218S,76,240,760.000000,0.000000,393.500000,266.500000
YW10-0218S,59,241,578.000000,1173.000000,370.000000,518.000000
YW10-0218S,73,242,771.000000,1612.500000,441.000000,546.000000
YW10-0218S,16,243,1120.500000,0.000000,58.000000,882.000000
YW10-0218S,79,244,666.000000,1998.000000,483.000000,132.500000
YW10-0218S,76,245,0.000000,786.000000,803.000000,193.500000
YW10-0218S,74,246,841.000000,447.000000,379.000000,462.000000
YW10-0218S,81,247,728.000000,765.000000,462.000000,379.000000
YW10-0218S,42,248,522.000000,1510.000000,132.500000,655.000000
YW10-0218S,51,249,594.000000,0.000000,560.500000,360.300000
YW10-0218S,99,250,844.000000,756.000000,342.500000,388.500000
YW10-0218S,95,251,706.000000,835.000000,488.000000,118.000000
YW10-0218S,8,252,0.000000,0.000000,632.000000,2301.000000
YW10-0218S,54,253,0.000000,1231.500000,847.000000,583.000000
YW10-0218S,84,254,0.000000,507.500000,762.000000,327.000000
YW10-0218S,48,255,0.000000,365.300000,437.000000,2020.000000
YW10-0218S,24,256,709.000000,0.000000,508.000000,361.000000
YW10-0218S,35,257,1181.000000,1312.000000,38.000000,638.000000
YW10-0218S,5,259,912.000000,0.000000,298.000000,2161.000000
YW10-0218S,71,260,816.000000,1831.000000,397.500000,458.000000
YW10-0218S,59,261,0.000000,0.000000,677.000000,529.000000
YW10-0218S,69,262,0.000000,1381.000000,848.000000,470.000000
YW10-0218S,3,263,0.000000,0.000000,722.000000,1247.000000
YW10-0218S,7,264,812.000000,0.000000,372.500000,2109.000000
YW10-0218S,30,265,770.000000,577.500000,370.000000,1473.000000
YW10-0218S,80,266,912.500000,999.000000,298.000000,368.000000
YW10-0218S,70,267,0.000000,1080.500000,930.000000,358.000000
YW10-0218S,5,269,0.000000,0.000000,912.000000,2251.000000
YW10-0218S,58,270,0.000000,758.000000,706.000000,279.000000
YW10-0218S,94,271,0.000000,1666.500000,933.000000,469.000000
YW10-0218S,54,272,847.000000,656.500000,373.000000,461.000000
YW10-0218S,98,273,0.000000,1641.000000,668.000000,545.000000
YW10-0218S,80,274,0.000000,0.000000,877.000000,343.000000
YW10-0218S,100,275,1153.000000,1460.000000,58.000000,237.000000
YW10-0218S,64,276,0.000000,708.000000,517.000000,367.000000
YW10-0218S,75,277,0.000000,1211.000000,577.000000,509.500000
YW10-0218S,40,278,0.000000,2274.500000,690.000000,132.500000
YW10-0218S,42,279,962.500000,0.000000,163.000000,705.000000
YW10-0218S,85,280,0.000000,516.500000,579.000000,1382.000000
YW10-0218S,96,281,878.000000,0.000000,316.500000,420.000000
YW10-0218S,42,282,174.000000,0.000000,58.000000,1048.000000
YW10-0218S,92,283,921.000000,0.000000,249.000000,402.000000
YW10-0218S,85,284,702.000000,0.000000,479.000000,508.000000
YW10-0218S,55,285,992.000000,895.000000,198.000000,488.000000
YW10-0218S,12,286,1181.500000,1696.000000,38.000000,356.000000
YW10-0218S,23,287,707.000000,0.000000,484.000000,2201.000000
YW10-0218S,26,288,971.000000,1811.000000,118.000000,288.000000
YW10-0218S,12,289,1181.500000,0.000000,38.000000,898.000000
YW10-0218S,2,290,0.000000,0.000000,711.000000,327.500000
YW10-0218S,56,291,735.000000,348.000000,448.000000,558.000000
YW10-0218S,17,292,0.000000,2198.000000,632.000000,58.000000
YW10-0218S,34,293,762.000000,0.000000,458.000000,2058.000000
YW10-0218S,69,294,904.000000,1851.000000,294.500000,437.000000
YW10-0218S,87,295,0.000000,970.000000,696.500000,453.800000
YW10-0218S,81,296,898.000000,2007.500000,322.000000,328.000000
YW10-0218S,65,297,0.000000,378.000000,962.000000,277.000000
YW10-0218S,69,298,460.000000,0.000000,460.000000,373.000000
YW10-0218S,42,299,464.000000,0.000000,58.000000,898.000000
YW10-0218S,96,300,0.000000,1112.000000,846.000000,564.000000
YW10-0218S,69,301,0.000000,373.000000,651.000000,610.000000
YW10-0218S,88,302,0.000000,940.000000,758.000000,308.000000
YW10-0218S,96,303,0.000000,461.000000,765.000000,308.000000
YW10-0218S,14,304,0.000000,0.000000,328.000000,2368.000000
YW10-0218S,66,305,0.000000,0.000000,867.000000,761.000000
YW10-0218S,84,306,762.000000,507.500000,368.000000,298.000000
YW10-0218S,63,307,795.000000,1008.000000,414.500000,564.000000
YW10-0218S,77,308,0.000000,1733.500000,998.000000,310.000000
YW10-0218S,22,309,1167.000000,1968.000000,38.000000,314.000000
YW10-0218S,68,310,0.000000,1477.000000,1122.000000,729.000000
YW10-0218S,61,311,0.000000,1722.000000,508.000000,361.000000
YW10-0218S,82,312,1144.000000,1417.000000,58.000000,380.000000
YW10-0218S,71,313,888.500000,1484.000000,296.000000,331.000000
YW10-0218S,6,314,0.000000,0.000000,904.000000,2101.000000
YW10-0218S,17,315,0.000000,0.000000,578.000000,2198.000000
YW10-0218S,58,316,0.000000,1794.000000,815.000000,395.000000
YW10-0218S,63,317,997.000000,0.000000,198.000000,288.000000
YW10-0218S,40,318,0.000000,92.500000,577.500000,2182.000000
YW10-0218S,30,319,443.000000,577.500000,327.000000,1541.000000
YW10-0218S,15,320,747.000000,2001.000000,464.000000,378.800000
YW10-0218S,66,321,0.000000,1011.000000,811.000000,761.000000
YW10-0218S,40,323,581.500000,0.000000,628.000000,78.000000
YW10-0218S,79,324,1060.000000,1498.000000,128.000000,347.000000
YW10-0218S,48,325,437.000000,365.300000,383.800000,2014.000000
YW10-0218S,29,326,258.000000,0.000000,248.000000,1273.000000
YW10-0218S,46,327,0.000000,2232.500000,743.000000,98.000000
YW10-0218S,90,328,0.000000,448.000000,723.000000,428.000000
YW10-0218S,72,329,771.000000,346.000000,415.000000,474.500000
YW10-0218S,28,330,0.000000,547.000000,598.000000,1378.000000
YW10-0218S,57,331,0.000000,695.000000,696.500000,453.800000
YW10-0218S,82,332,0.000000,0.000000,328.000000,1797.000000
YW10-0218S,6,333,904.000000,0.000000,290.000000,2098.000000
YW10-0218S,67,334,0.000000,1047.000000,588.000000,572.000000
YW10-0218S,66,335,867.000000,0.000000,308.000000,761.000000
YW10-0218S,93,336,1111.000000,0.000000,83.000000,841.000000
YW10-0218S,92,337,834.000000,830.000000,364.000000,439.000000
YW10-0218S,37,338,1131.500000,0.000000,58.000000,1998.000000
YW10-0218S,48,339,484.000000,0.000000,617.000000,278.000000
YW10-0218S,74,340,1001.000000,1002.000000,158.000000,288.000000
YW10-0218S,86,342,1060.000000,0.000000,158.000000,488.000000
YW10-0218S,33,343,0.000000,1069.000000,771.000000,58.000000
YW10-0218S,41,344,0.000000,0.000000,579.000000,2081.000000
YW10-0218S,69,345,898.000000,983.000000,278.000000,398.000000
YW10-0218S,50,346,799.000000,0.000000,348.000000,1781.000000
YW10-0218S,58,347,0.000000,0.000000,680.000000,278.000000
YW10-0218S,29,348,886.000000,0.000000,328.000000,973.000000
YW10-0218S,93,349,0.000000,1659.000000,777.000000,435.000000
YW10-0218S,42,350,58.000000,0.000000,58.000000,2062.000000
YW10-0218S,88,351,0.000000,0.000000,830.000000,361.000000
YW10-0218S,20,352,0.000000,2001.000000,568.000000,246.000000
YW10-0218S,85,353,579.000000,516.500000,577.500000,1382.000000
YW10-0218S,33,354,466.000000,606.000000,443.000000,444.000000
YW10-0218S,45,356,58.000000,0.000000,58.000000,2418.000000
YW10-0218S,86,357,0.000000,538.500000,723.000000,477.500000
YW10-0218S,42,358,522.000000,0.000000,132.500000,797.000000
YW10-0218S,49,359,0.000000,1517.000000,527.000000,361.000000
YW10-0218S,9,360,0.000000,289.000000,580.000000,1998.000000
YW10-0218S,62,361,1061.000000,0.000000,58.000000,2292.000000
YW10-0218S,27,362,1158.000000,0.000000,58.000000,2196.000000
YW10-0218S,83,363,398.000000,0.000000,398.000000,1618.000000
YW10-0218S,18,364,0.000000,1797.000000,660.000000,58.000000
YW10-0218S,76,365,769.000000,979.500000,373.500000,348.000000
YW10-0218S,79,366,1060.000000,0.000000,128.000000,1498.000000
YW10-0218S,81,367,720.000000,1144.000000,489.000000,504.000000
YW10-0218S,84,368,662.500000,834.500000,448.000000,503.000000
YW10-0218S,53,369,524.500000,528.000000,524.500000,383.800000
YW10-0218S,64,370,0.000000,0.000000,740.000000,708.000000
YW10-0218S,9,371,0.000000,0.000000,754.000000,289.000000
YW10-0218S,53,372,0.000000,0.000000,841.000000,528.000000
YW10-0218S,86,373,1121.000000,1016.000000,88.000000,841.000000
YW10-0218S,81,374,0.000000,549.000000,573.000000,216.000000
YW10-0218S,21,375,0.000000,0.000000,558.000000,2098.000000
YW10-0218S,87,376,0.000000,508.000000,991.000000,462.000000
YW10-0218S,21,377,1116.000000,0.000000,98.000000,1998.000000
YW10-0218S,97,378,1031.000000,0.000000,158.000000,488.000000
YW10-0218S,75,379,979.500000,0.000000,238.000000,438.000000
YW10-0218S,9,380,754.000000,0.000000,363.000000,172.500000
YW10-0218S,91,381,651.000000,1274.000000,568.000000,170.000000
YW10-0218S,72,382,0.000000,826.000000,821.000000,599.500000
YW10-0218S,46,383,486.500000,198.500000,384.000000,2034.000000
YW10-0218S,93,384,0.000000,1601.000000,733.100000,58.000000
YW10-0218S,64,386,740.000000,0.000000,477.000000,691.000000
YW10-0218S,51,387,0.000000,366.000000,811.000000,622.500000
YW10-0218S,76,388,841.000000,1337.500000,379.000000,463.500000
YW10-0218S,76,389,0.000000,1337.500000,841.000000,555.000000
YW10-0218S,91,390,0.000000,0.000000,898.000000,787.000000
YW10-0218S,83,391,0.000000,0.000000,398.000000,1658.000000
YW10-0218S,58,392,771.000000,278.000000,441.500000,474.500000
YW10-0218S,49,393,0.000000,0.000000,559.000000,1517.000000
YW10-0218S,26,394,651.000000,1201.000000,542.000000,571.000000
YW10-0218S,93,395,798.000000,984.000000,420.000000,376.500000
YW10-0218S,76,396,878.000000,308.000000,329.000000,459.500000
YW10-0218S,51,397,0.000000,988.500000,980.000000,558.000000
YW10-0218S,74,398,0.000000,1002.000000,1001.000000,299.000000
YW10-0218S,65,399,0.000000,655.000000,898.000000,237.000000
YW10-0218S,52,400,0.000000,0.000000,728.000000,562.000000
YW10-0218S,90,401,788.000000,1384.500000,413.000000,682.000000
YW10-0218S,78,402,0.000000,577.000000,760.000000,327.000000
YW10-0218S,72,403,0.000000,346.000000,771.000000,480.000000
YW10-0218S,65,404,831.000000,1911.000000,389.000000,484.000000
YW10-0218S,51,405,980.000000,988.500000,198.000000,488.000000
YW10-0218S,53,406,841.000000,911.800000,330.000000,598.000000
YW10-0218S,93,407,777.000000,1659.000000,412.500000,415.000000
YW10-0218S,96,408,0.000000,2003.000000,684.000000,370.500000
YW10-0218S,100,409,1075.000000,0.000000,78.000000,1598.000000
YW10-0218S,35,410,704.000000,0.000000,400.000000,259.000000
YW10-0218S,3,411,722.000000,0.000000,495.000000,1194.000000
YW10-0218S,35,412,882.000000,387.000000,299.000000,1618.000000
YW10-0218S,69,413,1112.000000,1381.000000,98.000000,438.000000
YW10-0218S,88,414,0.000000,361.000000,821.000000,579.000000
YW10-0218S,37,415,0.000000,2001.000000,822.000000,58.000000
YW10-0218S,60,416,0.000000,1625.000000,778.000000,453.800000
YW10-0218S,3,417,0.000000,1247.000000,888.500000,355.000000
YW10-0218S,36,418,734.000000,0.000000,421.000000,1934.000000
YW10-0218S,71,419,0.000000,0.000000,783.000000,578.000000
YW10-0218S,87,420,696.500000,970.000000,503.000000,448.000000
YW10-0218S,74,421,0.000000,447.000000,841.000000,555.000000
YW10-0218S,28,422,0.000000,489.000000,666.000000,58.000000
YW10-0218S,81,423,0.000000,765.000000,728.000000,379.000000
YW10-0218S,20,424,929.000000,0.000000,276.500000,1619.500000
YW10-0218S,2,425,1161.000000,327.500000,58.000000,1970.000000
YW10-0218S,65,426,1117.000000,892.000000,58.000000,460.000000
YW10-0218S,34,427,0.000000,0.000000,762.000000,2251.000000
YW10-0218S,70,428,0.000000,720.000000,996.500000,360.500000
YW10-0218S,68,429,0.000000,806.000000,942.000000,392.000000
YW10-0218S,12,430,1181.500000,898.000000,38.000000,798.000000
YW10-0218S,20,431,0.000000,0.000000,871.000000,2001.000000
YW10-0218S,91,432,888.500000,1880.500000,322.000000,328.000000
YW10-0218S,69,433,0.000000,983.000000,898.000000,398.000000
YW10-0218S,89,434,1080.000000,1638.000000,132.500000,353.000000
YW10-0218S,98,436,0.000000,967.000000,844.500000,294.000000
YW10-0218S,75,437,0.000000,0.000000,707.000000,489.000000
YW10-0218S,22,438,1167.000000,0.000000,38.000000,766.000000
YW10-0218S,71,439,777.000000,578.000000,370.000000,308.000000
YW10-0218S,82,440,1086.000000,0.000000,58.000000,1437.000000
YW10-0218S,60,441,778.000000,1625.000000,395.000000,425.000000
YW10-0218S,56,442,0.000000,906.000000,898.000000,350.500000
YW10-0218S,29,443,506.000000,0.000000,380.000000,1028.000000
YW10-0218S,26,444,1012.000000,0.000000,195.000000,579.000000
YW10-0218S,70,445,0.000000,1438.500000,991.000000,462.000000
YW10-0218S,82,447,328.000000,0.000000,328.000000,1797.000000
YW10-0218S,77,448,770.000000,0.000000,370.000000,1198.000000
YW10-0218S,54,449,0.000000,656.500000,847.000000,575.000000
YW10-0218S,58,450,706.000000,758.000000,438.000000,158.000000
YW10-0218S,81,451,0.000000,0.000000,771.000000,549.000000
YW10-0218S,11,452,1020.000000,0.000000,153.500000,2328.500000
YW10-0218S,1,453,1154.000000,0.000000,58.000000,2224.000000
YW10-0218S,59,454,1154.000000,0.000000,58.000000,362.000000
YW10-0218S,54,455,0.000000,0.000000,811.000000,656.500000
YW10-0218S,98,456,844.500000,967.000000,370.000000,227.000000
YW10-0218S,74,457,882.000000,0.000000,306.000000,395.000000
YW10-0218S,52,458,0.000000,1317.000000,798.000000,357.000000
YW10-0218S,51,459,0.000000,1894.500000,880.000000,328.000000
YW10-0218S,24,460,0.000000,369.000000,821.000000,1901.000000
YW10-0218S,67,461,588.000000,1047.000000,588.000000,572.000000
YW10-0218S,95,462,0.000000,1266.000000,811.000000,328.500000
YW10-0218S,84,463,0.000000,1342.000000,907.500000,261.500000
YW10-0218S,78,464,0.000000,904.000000,776.000000,489.000000
YW10-0218S,51,465,0.000000,0.000000,594.000000,366.000000
YW10-0218S,49,466,664.000000,1878.000000,541.000000,92.500000
YW10-0218S,95,467,0.000000,956.000000,997.000000,310.000000
YW10-0218S,63,468,0.000000,0.000000,997.000000,310.000000
YW10-0218S,31,469,1165.000000,907.500000,52.500000,318.500000
YW10-0218S,26,470,0.000000,637.000000,777.000000,58.000000
YW10-0218S,22,471,395.000000,0.000000,395.000000,2284.000000
YW10-0218S,68,472,1159.000000,258.000000,58.000000,548.000000
YW10-0218S,29,473,984.000000,1517.500000,58.000000,577.000000
YW10-0218S,87,474,712.000000,1423.800000,498.500000,290.000000
YW10-0218S,87,475,762.000000,0.000000,370.000000,508.000000
YW10-0218S,95,476,832.000000,0.000000,358.000000,671.000000
YW10-0218S,96,477,877.000000,769.000000,158.000000,338.000000
YW10-0218S,99,478,1153.000000,317.000000,58.000000,362.000000
YW10-0218S,38,479,0.000000,0.000000,588.000000,2338.000000
YW10-0218S,59,480,717.000000,529.000000,468.500000,579.000000
YW10-0218S,60,481,719.000000,2078.800000,488.000000,158.000000
YW10-0218S,33,482,0.000000,1225.000000,779.000000,168.000000
YW10-0218S,47,483,0.000000,0.000000,441.500000,2114.000000
YW10-0218S,59,484,677.000000,0.000000,477.000000,502.000000
YW10-0218S,99,485,694.000000,1723.000000,488.000000,118.000000
YW10-0218S,57,486,0.000000,1148.800000,729.000000,457.500000
YW10-0218S,99,487,694.000000,1841.000000,488.000000,118.000000
YW10-0218S,50,488,0.000000,1934.000000,668.400000,289.000000
YW10-0218S,53,489,1082.000000,0.000000,132.500000,526.000000
YW10-0218S,54,490,0.000000,1814.500000,863.000000,560.000000
YW10-0218S,29,491,0.000000,1517.500000,984.000000,577.000000
YW10-0218S,55,492,0.000000,318.000000,796.000000,577.000000
YW10-0218S,40,493,577.500000,92.500000,580.000000,2098.000000
YW10-0218S,18,494,0.000000,0.000000,1007.000000,1797.000000
YW10-0218S,33,495,0.000000,606.000000,466.000000,463.000000
YW10-0218S,44,497,1078.000000,0.000000,58.000000,2108.000000
YW10-0218S,61,498,701.500000,1362.000000,517.000000,351.500000
YW10-0218S,98,499,0.000000,1261.000000,747.000000,380.000000
YW10-0218S,28,500,1163.000000,547.000000,48.000000,482.000000
YW10-0218S,26,501,1143.000000,753.000000,58.000000,421.000000
YW10-0218S,75,502,707.000000,0.000000,272.500000,489.000000
YW10-0218S,97,503,1071.000000,1855.000000,149.000000,437.500000
YW10-0218S,56,504,0.000000,1811.500000,881.000000,387.500000
YW10-0218S,57,507,0.000000,1606.300000,618.000000,580.000000
YW10-0218S,4,508,0.000000,0.000000,438.500000,2291.000000
YW10-0218S,72,509,912.000000,1425.500000,308.000000,483.000000
YW10-0218S,28,510,0.000000,0.000000,767.000000,431.000000
YW10-0218S,47,511,441.500000,0.000000,430.000000,2063.500000
YW10-0218S,94,512,793.000000,0.000000,407.500000,434.500000
YW10-0218S,46,513,870.500000,198.500000,340.800000,2014.000000
YW10-0218S,64,514,694.000000,2024.000000,488.000000,118.000000
YW10-0218S,98,515,594.000000,0.000000,522.000000,417.000000
YW10-0218S,55,516,0.000000,0.000000,716.000000,318.000000
YW10-0218S,92,517,0.000000,830.000000,834.000000,454.000000
YW10-0218S,87,518,847.000000,1750.800000,373.000000,461.000000
YW10-0218S,33,519,1067.000000,606.000000,151.500000,444.000000
YW10-0218S,76,520,0.000000,1892.500000,881.000000,387.500000
YW10-0218S,70,521,991.000000,1438.500000,224.000000,397.000000
YW10-0218S,57,522,729.000000,1148.800000,444.000000,444.500000
YW10-0218S,77,523,1140.000000,0.000000,58.000000,1218.000000
YW10-0218S,16,524,1178.500000,0.000000,38.000000,813.000000
YW10-0218S,67,525,0.000000,0.000000,724.500000,720.000000
YW10-0218S,21,526,558.000000,0.000000,558.000000,2098.000000
YW10-0218S,72,527,676.000000,0.000000,544.000000,329.000000
YW10-0218S,97,528,707.000000,0.000000,324.000000,489.000000
YW10-0218S,70,529,880.000000,392.000000,158.000000,288.000000
YW10-0218S,61,530,1024.500000,0.000000,174.000000,981.000000
YW10-0218S,93,531,0.000000,0.000000,1013.000000,984.000000
YW10-0218S,64,532,694.000000,2142.000000,488.000000,118.000000
YW10-0218S,74,533,819.000000,1649.000000,390.000000,538.000000
YW10-0218S,58,534,706.000000,916.000000,438.000000,118.000000
YW10-0218S,15,535,0.000000,0.000000,801.000000,2001.000000
YW10-0218S,3,536,888.500000,1247.000000,322.000000,328.000000
YW10-0218S,10,537,1160.000000,0.000000,58.000000,2098.000000
YW10-0218S,58,538,704.000000,1037.000000,402.000000,249.000000
YW10-0218S,66,539,0.000000,761.000000,958.000000,250.000000
YW10-0218S,95,540,0.000000,1933.000000,843.000000,242.000000
YW10-0218S,36,541,1155.000000,0.000000,58.000000,1918.000000
YW10-0218S,45,542,116.000000,0.000000,58.000000,2418.000000
YW10-0218S,65,543,776.000000,892.000000,341.000000,489.000000
YW10-0218S,7,544,0.000000,0.000000,812.000000,2251.000000
YW10-0218S,42,545,0.000000,0.000000,58.000000,2196.000000
YW10-0218S,37,546,0.000000,0.000000,711.000000,2001.000000
YW10-0218S,95,547,997.000000,956.000000,214.500000,282.000000
YW10-0218S,99,548,0.000000,1151.000000,588.000000,572.000000
YW10-0218S,80,549,1128.000000,343.000000,78.000000,338.000000
YW10-0218S,68,550,1122.000000,1477.000000,98.000000,698.000000
YW10-0218S,53,551,0.000000,911.800000,841.000000,598.000000
YW10-0218S,80,552,462.000000,1385.500000,461.000000,373.000000
YW10-0218S,97,553,0.000000,489.000000,295.000000,1366.000000
YW10-0218S,33,554,0.000000,1127.000000,758.000000,98.000000
YW10-0218S,75,555,0.000000,489.000000,738.000000,374.000000
YW10-0218S,87,556,1132.000000,0.000000,68.000000,488.000000
YW10-0218S,37,557,711.000000,0.000000,420.500000,1934.000000
YW10-0218S,95,558,706.000000,677.000000,488.000000,158.000000
YW10-0218S,85,559,0.000000,0.000000,702.000000,516.500000
YW10-0218S,67,560,712.000000,720.000000,463.300000,275.000000
YW10-0218S,28,561,598.000000,547.000000,565.000000,1362.000000
YW10-0218S,65,562,0.000000,1381.000000,770.000000,530.000000
YW10-0218S,63,563,0.000000,310.000000,866.000000,698.000000
YW10-0218S,77,564,0.000000,1320.500000,826.000000,413.000000
YW10-0218S,35,565,0.000000,0.000000,704.000000,329.000000
YW10-0218S,65,567,680.000000,0.000000,224.000000,378.000000
YW10-0218S,75,568,0.000000,1720.500000,738.500000,431.000000
YW10-0218S,95,569,0.000000,0.000000,832.000000,677.000000
YW10-0218S,4,570,438.500000,0.000000,438.500000,2291.000000
YW10-0218S,73,571,769.000000,350.500000,420.000000,349.500000
YW10-0218S,55,572,716.000000,0.000000,438.000000,238.000000
YW10-0218S,41,573,579.000000,0.000000,419.000000,2081.000000
YW10-0218S,23,574,0.000000,0.000000,707.000000,2301.000000
YW10-0218S,43,575,1137.000000,0.000000,58.000000,1878.000000
YW10-0218S,99,576,0.000000,1723.000000,694.000000,279.000000
YW10-0218S,58,577,815.000000,1794.000000,401.500000,377.000000
YW10-0218S,100,578,1153.000000,0.000000,58.000000,1460.000000
YW10-0218S,72,579,0.000000,0.000000,676.000000,346.000000
YW10-0218S,75,580,738.500000,1720.500000,460.000000,430.000000
YW10-0218S,44,581,1136.000000,0.000000,58.000000,2103.000000
YW10-0218S,57,582,1127.000000,0.000000,92.500000,383.000000
YW10-0218S,56,583,898.000000,906.000000,315.000000,328.000000
YW10-0218S,52,584,798.000000,1317.000000,420.000000,351.500000
YW10-0218S,100,585,706.000000,0.000000,369.000000,1458.000000
YW10-0218S,75,586,738.000000,489.000000,347.000000,374.000000
YW10-0218S,80,587,0.000000,1764.500000,717.000000,644.000000
YW10-0218S,45,588,212.000000,0.000000,58.000000,2353.000000
YW10-0218S,65,589,904.000000,0.000000,224.000000,378.000000
YW10-0218S,65,590,0.000000,0.000000,680.000000,378.000000
YW10-0218S,74,591,1128.000000,1301.000000,58.000000,217.000000
YW10-0218S,18,592,1145.000000,0.000000,58.000000,1738.000000
YW10-0218S,89,593,352.500000,0.000000,370.000000,1198.000000
YW10-0218S,66,594,811.000000,1011.000000,401.500000,760.000000
YW10-0218S,94,595,770.000000,1004.500000,444.000000,658.000000
YW10-0218S,57,596,696.500000,695.000000,517.000000,423.000000
YW10-0218S,78,597,862.000000,0.000000,327.000000,560.000000
YW10-0218S,51,598,811.000000,366.000000,397.000000,579.000000
YW10-0218S,50,599,412.500000,0.000000,386.500000,1932.000000
YW10-0218S,33,600,988.000000,0.000000,153.500000,538.000000
YW10-0218S,84,601,557.000000,1603.500000,524.500000,359.000000
YW10-0218S,73,602,0.000000,1612.500000,771.000000,549.000000
YW10-0218S,99,603,588.000000,1151.000000,588.000000,572.000000
YW10-0218S,27,604,0.000000,0.000000,579.000000,2196.000000
YW10-0218S,98,605,668.000000,1641.000000,478.000000,527.500000
YW10-0218S,55,606,0.000000,895.000000,992.000000,558.000000
YW10-0218S,56,607,881.000000,1811.500000,339.000000,364.000000
YW10-0218S,73,609,706.500000,0.000000,503.500000,327.000000
YW10-0218S,65,610,0.000000,1911.000000,831.000000,508.500000
YW10-0218S,75,611,0.000000,863.000000,880.000000,348.000000
YW10-0218S,64,612,557.000000,1075.000000,527.000000,389.000000
YW10-0218S,84,613,0.000000,0.000000,662.500000,507.500000
YW10-0218S,84,614,0.000000,834.500000,662.500000,507.500000
YW10-0218S,38,615,588.000000,0.000000,580.000000,2198.000000
YW10-0218S,90,616,0.000000,0.000000,898.000000,448.000000
YW10-0218S,68,617,706.000000,1198.000000,438.000000,158.000000
YW10-0218S,31,618,0.000000,398.000000,762.000000,297.000000
YW10-0218S,63,619,0.000000,2101.000000,862.000000,307.500000
YW10-0218S,51,620,0.000000,1546.500000,631.000000,348.000000
YW10-0218S,63,621,0.000000,1008.000000,795.000000,602.000000
YW10-0218S,64,622,0.000000,2024.000000,694.000000,279.000000
YW10-0218S,13,623,1179.500000,711.000000,38.000000,498.500000
YW10-0218S,13,624,711.000000,0.000000,443.000000,558.000000
YW10-0218S,91,625,0.000000,1035.000000,651.000000,239.000000
YW10-0218S,60,626,0.000000,2078.800000,719.000000,308.000000
YW10-0218S,70,627,1038.000000,392.000000,158.000000,288.000000
YW10-0218S,25,628,771.000000,0.000000,448.000000,1658.000000
YW10-0218S,86,629,723.000000,538.500000,495.000000,459.500000
YW10-0218S,9,630,1160.000000,289.000000,55.000000,1968.000000
YW10-0218S,94,631,0.000000,706.500000,1008.000000,298.000000
YW10-0218S,68,632,0.000000,0.000000,798.000000,258.000000
YW10-0218S,57,633,794.000000,447.000000,388.000000,158.000000
YW10-0218S,74,634,0.000000,1649.000000,819.000000,538.000000
YW10-0218S,56,635,1078.000000,0.000000,118.000000,338.000000
YW10-0218S,61,636,565.000000,0.000000,459.500000,1326.000000
YW10-0218S,98,637,0.000000,439.000000,1172.500000,528.000000
YW10-0218S,47,638,871.500000,0.000000,330.000000,1998.000000
YW10-0218S,50,639,0.000000,0.000000,412.500000,1934.000000
YW10-0218S,38,640,1168.000000,0.000000,38.000000,2294.000000
YW10-0218S,30,641,0.000000,577.500000,443.000000,1551.000000
YW10-0218S,96,642,1035.000000,769.000000,158.000000,338.000000
YW10-0218S,13,643,1154.000000,0.000000,58.000000,522.000000
YW10-0218S,35,644,0.000000,387.000000,882.000000,1638.500000
YW10-0218S,16,645,0.000000,0.000000,1120.500000,882.000000
YW10-0218S,19,646,0.000000,1782.000000,721.000000,654.500000
YW10-0218S,84,647,0.000000,1603.500000,557.000000,360.000000
YW10-0218S,42,648,232.000000,0.000000,58.000000,1012.000000
YW10-0218S,42,649,406.000000,938.000000,58.000000,918.000000
YW10-0218S,12,650,903.500000,0.000000,278.000000,1536.000000
YW10-0218S,87,651,0.000000,0.000000,762.000000,508.000000
YW10-0218S,53,652,1049.000000,528.000000,160.500000,382.000000
YW10-0218S,49,653,527.000000,1517.000000,527.000000,361.000000
YW10-0218S,51,654,880.000000,1894.500000,158.000000,288.000000
YW10-0218S,49,655,0.000000,1878.000000,664.000000,288.000000
YW10-0218S,27,656,579.000000,0.000000,579.000000,2196.000000
YW10-0218S,30,657,0.000000,0.000000,863.500000,499.500000
YW10-0218S,52,658,0.000000,1674.000000,752.000000,340.000000
YW10-0218S,55,659,0.000000,1453.000000,560.000000,395.000000
YW10-0218S,61,660,0.000000,0.000000,565.000000,1362.000000
YW10-0218S,13,661,0.000000,1413.000000,636.000000,58.000000
YW10-0218S,42,662,654.500000,0.000000,83.000000,841.000000
YW10-0218S,55,663,0.000000,1848.000000,709.000000,562.000000
YW10-0218S,26,664,0.000000,1201.000000,651.000000,610.000000
YW10-0218S,98,665,747.000000,1261.000000,464.000000,378.800000
YW10-0218S,28,666,0.000000,1925.000000,464.000000,378.800000
YW10-0218S,64,667,840.000000,1469.000000,380.000000,517.500000
YW10-0218S,81,668,573.000000,549.000000,604.000000,160.000000
YW10-0218S,57,669,1066.000000,1606.300000,133.000000,557.000000
YW10-0218S,68,670,0.000000,1198.000000,706.000000,279.000000
YW10-0218S,62,671,1119.000000,0.000000,58.000000,2217.000000
YW10-0218S,67,672,0.000000,1917.000000,691.000000,477.000000
YW10-0218S,42,673,464.000000,898.000000,58.000000,882.000000
YW10-0218S,90,674,831.000000,876.000000,389.000000,484.000000
YW10-0218S,60,675,435.000000,0.000000,377.000000,1620.000000
YW10-0218S,73,676,0.000000,708.500000,862.000000,327.000000
YW10-0218S,80,677,0.000000,691.000000,862.000000,308.000000
YW10-0218S,78,678,0.000000,0.000000,862.000000,577.000000
YW10-0218S,90,679,0.000000,876.000000,831.000000,508.500000
YW10-0218S,100,680,935.500000,1755.000000,261.500000,327.000000
YW10-0218S,10,681,0.000000,0.000000,580.000000,2098.000000
YW10-0218S,42,682,795.500000,0.000000,167.000000,701.500000
YW10-0218S,89,683,1092.500000,0.000000,118.000000,978.000000
YW10-0218S,53,684,841.000000,0.000000,241.000000,528.000000
YW10-0218S,85,685,1156.500000,516.500000,58.000000,1362.000000
YW10-0218S,74,686,0.000000,1301.000000,1128.000000,348.000000
YW10-0218S,55,687,796.000000,318.000000,412.000000,558.000000
YW10-0218S,72,688,0.000000,1954.500000,802.000000,318.000000
YW10-0218S,74,689,0.000000,0.000000,882.000000,447.000000
YW10-0218S,96,690,0.000000,0.000000,878.000000,461.000000
YW10-0218S,96,691,0.000000,769.000000,877.000000,343.000000
YW10-0218S,89,692,722.500000,0.000000,370.000000,1198.000000
YW10-0218S,41,693,0.000000,2081.000000,713.000000,132.500000
YW10-0218S,9,694,580.000000,289.000000,580.000000,1998.000000
YW10-0218S,35,695,0.000000,329.000000,821.000000,58.000000
YW10-0218S,56,696,0.000000,0.000000,880.000000,348.000000
YW10-0218S,15,697,801.000000,0.000000,418.000000,1934.000000
YW10-0218S,78,698,1133.500000,904.000000,58.000000,470.500000
YW10-0218S,63,699,866.000000,310.000000,328.000000,698.000000
YW10-0218S,71,700,0.000000,578.000000,777.000000,327.000000
YW10-0218S,26,701,0.000000,753.000000,898.000000,448.000000
YW10-0218S,89,702,668.000000,1339.000000,534.000000,272.500000
YW10-0218S,51,703,631.000000,1546.500000,360.500000,347.000000
YW10-0218S,62,704,677.000000,0.000000,384.000000,2034.000000
YW10-0218S,52,705,752.000000,1674.000000,354.000000,339.000000
YW10-0218S,58,709,881.000000,1366.000000,339.000000,404.000000
YW10-0218S,95,710,840.000000,1594.500000,361.000000,327.000000
YW10-0218S,80,711,0.000000,1385.500000,462.000000,379.000000
YW10-0218S,10,712,580.000000,0.000000,580.000000,2098.000000
YW10-0218S,17,713,578.000000,0.000000,58.000000,2198.000000
YW10-0218S,91,714,898.000000,0.000000,316.500000,786.000000
YW10-0218S,29,715,886.000000,973.000000,328.000000,526.000000
YW10-0218S,76,716,881.000000,1892.500000,339.000000,364.000000
YW10-0218S,99,717,0.000000,317.000000,798.000000,439.000000
YW10-0218S,42,718,1125.500000,0.000000,88.000000,771.000000
YW10-0218S,98,719,0.000000,0.000000,594.000000,439.000000
YW10-0218S,52,720,0.000000,562.000000,801.500000,755.000000
YW10-0218S,53,721,0.000000,1509.800000,1011.000000,560.000000
YW10-0218S,28,722,767.000000,0.000000,389.500000,415.000000
YW10-0218S,45,723,174.000000,0.000000,38.000000,2416.000000
YW10-0218S,68,724,798.000000,0.000000,363.000000,172.500000
YW10-0218S,86,725,660.000000,0.000000,400.000000,536.000000
YW10-0218S,19,726,1156.000000,0.000000,58.000000,1678.000000
YW10-0218S,25,727,0.000000,0.000000,771.000000,1931.000000
YW10-0218S,67,728,691.000000,1917.000000,461.500000,474.500000
YW10-0218S,22,729,1167.000000,766.000000,38.000000,625.000000
YW10-0218S,62,730,347.000000,0.000000,330.000000,2298.000000
YW10-0218S,67,731,724.500000,0.000000,377.000000,720.000000
YW10-0218S,75,732,1085.000000,489.000000,118.000000,338.000000
YW10-0218S,72,733,821.000000,826.000000,398.000000,578.000000
YW10-0218S,36,736,0.000000,1962.000000,822.000000,58.000000
YW10-0218S,31,737,0.000000,695.000000,672.000000,212.500000
YW10-0218S,81,738,0.000000,1656.000000,729.000000,351.500000
YW10-0218S,26,739,0.000000,579.000000,801.000000,58.000000
YW10-0218S,1,741,0.000000,0.000000,956.000000,2251.000000
YW10-0218S,95,742,0.000000,1594.500000,840.000000,338.500000
YW10-0218S,53,743,1011.000000,1509.800000,198.000000,536.000000
YW10-0218S,59,744,0.000000,1173.000000,578.000000,518.000000
YW10-0218S,46,745,0.000000,198.500000,486.500000,2034.000000
YW10-0218S,81,746,0.000000,1144.000000,720.000000,512.000000
YW10-0218S,30,747,1140.000000,577.500000,58.000000,1462.000000
YW10-0218S,89,748,0.000000,1638.000000,1080.000000,378.000000
YW10-0218S,12,749,0.000000,0.000000,462.000000,2134.000000
YW10-0218S,81,750,771.000000,0.000000,444.000000,548.000000
YW10-0218S,98,751,1146.000000,1641.000000,58.000000,382.000000
YW10-0218S,62,752,0.000000,0.000000,347.000000,2308.000000
YW10-0218S,42,753,348.000000,942.000000,58.000000,942.000000
YW10-0218S,87,754,0.000000,1750.800000,847.000000,575.000000
YW10-0218S,81,755,729.000000,1656.000000,373.500000,348.000000
YW10-0218S,91,756,0.000000,1513.000000,910.000000,367.500000
YW10-0218S,91,757,0.000000,787.000000,734.000000,248.000000
YW10-0218S,14,758,656.000000,0.000000,311.000000,2334.500000
YW10-0218S,97,759,1152.000000,489.000000,58.000000,1165.000000
YW10-0218S,3,760,662.500000,1602.000000,488.000000,523.000000
YW10-0218S,65,761,1114.000000,1381.000000,78.000000,488.000000
YW10-0218S,58,762,0.000000,1037.000000,704.000000,329.000000
YW10-0218S,54,763,811.000000,0.000000,402.500000,635.000000
YW10-0218S,42,764,737.500000,860.000000,58.000000,860.000000
YW10-0218S,11,765,0.000000,0.000000,393.000000,2398.000000
YW10-0218S,93,766,0.000000,984.000000,798.000000,380.000000
YW10-0218S,93,767,1013.000000,0.000000,98.000000,984.000000
YW10-0218S,80,768,0.000000,999.000000,912.500000,386.500000
YW10-0218S,13,769,0.000000,1471.000000,660.000000,58.000000
YW10-0218S,78,770,507.000000,1393.000000,507.000000,415.000000
YW10-0218S,57,771,0.000000,447.000000,794.000000,248.000000
YW10-0218S,19,772,0.000000,0.000000,577.000000,1782.000000
YW10-0218S,64,773,517.000000,708.000000,524.500000,359.000000
YW10-0218S,91,774,0.000000,1880.500000,888.500000,360.500000
YW10-0218S,65,775,0.000000,892.000000,776.000000,489.000000
