YW10-0218S,1,40,0,0,4.880000e-01,1.580000e-01
YW10-0218S,1,342,4.880000e-01,0,4.880000e-01,1.580000e-01
YW10-0218S,1,378,9.760000e-01,0,4.880000e-01,1.580000e-01
YW10-0218S,1,481,1.464000e+00,0,4.880000e-01,1.580000e-01
YW10-0218S,1,558,1.952000e+00,0,4.880000e-01,1.580000e-01
YW10-0218S,1,176,0,1.580000e-01,4.880000e-01,1.180000e-01
YW10-0218S,1,251,4.880000e-01,1.580000e-01,4.880000e-01,1.180000e-01
YW10-0218S,1,485,9.760000e-01,1.580000e-01,4.880000e-01,1.180000e-01
YW10-0218S,1,487,1.464000e+00,1.580000e-01,4.880000e-01,1.180000e-01
YW10-0218S,1,514,1.952000e+00,1.580000e-01,4.880000e-01,1.180000e-01
YW10-0218S,1,235,0,2.760000e-01,2.418000e+00,5.800000e-02
YW10-0218S,1,235,0,3.340000e-01,2.418000e+00,5.800000e-02
YW10-0218S,1,235,0,3.920000e-01,2.418000e+00,5.800000e-02
YW10-0218S,1,723,0,4.500000e-01,2.416000e+00,3.800000e-02
YW10-0218S,1,765,0,4.880000e-01,2.398000e+00,3.930000e-01
YW10-0218S,1,113,0,8.810000e-01,2.398000e+00,3.280000e-01
YW10-0218S,2,25,0,0,2.398000e+00,2.990000e-01
YW10-0218S,2,36,0,2.990000e-01,1.198000e+00,3.700000e-01
YW10-0218S,2,448,1.198000e+00,2.990000e-01,1.198000e+00,3.700000e-01
YW10-0218S,2,36,0,6.690000e-01,1.198000e+00,3.700000e-01
YW10-0218S,2,448,1.198000e+00,6.690000e-01,1.198000e+00,3.700000e-01
YW10-0218S,2,170,0,1.039000e+00,2.393000e+00,3.800000e-02
YW10-0218S,3,115,0,0,2.388000e+00,5.580000e-01
YW10-0218S,3,73,0,5.580000e-01,2.388000e+00,9.800000e-02
YW10-0218S,3,304,0,6.560000e-01,2.368000e+00,3.280000e-01
YW10-0218S,3,61,0,9.840000e-01,2.367000e+00,2.180000e-01
YW10-0218S,4,212,0,0,2.353000e+00,3.280000e-01
YW10-0218S,4,588,0,3.280000e-01,2.353000e+00,5.800000e-02
YW10-0218S,4,48,0,3.860000e-01,2.353000e+00,3.800000e-02
YW10-0218S,4,334,0,4.240000e-01,5.880000e-01,5.720000e-01
YW10-0218S,4,461,5.880000e-01,4.240000e-01,5.880000e-01,5.720000e-01
YW10-0218S,4,548,1.176000e+00,4.240000e-01,5.880000e-01,5.720000e-01
YW10-0218S,4,603,1.764000e+00,4.240000e-01,5.880000e-01,5.720000e-01
YW10-0218S,5,8,0,0,2.348000e+00,6.300000e-01
YW10-0218S,5,9,0,6.300000e-01,2.348000e+00,5.580000e-01
YW10-0218S,6,479,0,0,2.338000e+00,5.880000e-01
YW10-0218S,6,758,0,5.880000e-01,2.334500e+00,3.110000e-01
YW10-0218S,6,452,0,8.990000e-01,2.328500e+00,1.535000e-01
YW10-0218S,7,752,0,0,2.308000e+00,3.470000e-01
YW10-0218S,7,574,0,3.470000e-01,2.301000e+00,7.070000e-01
YW10-0218S,8,252,0,0,2.301000e+00,6.320000e-01
YW10-0218S,8,730,0,6.320000e-01,2.298000e+00,3.300000e-01
YW10-0218S,8,640,0,9.620000e-01,2.294000e+00,3.800000e-02
YW10-0218S,8,361,0,1,2.292000e+00,5.800000e-02
YW10-0218S,9,508,0,0,2.291000e+00,4.385000e-01
YW10-0218S,9,508,0,4.385000e-01,2.291000e+00,4.385000e-01
YW10-0218S,10,172,0,0,2.284000e+00,3.950000e-01
YW10-0218S,10,172,0,3.950000e-01,2.284000e+00,3.950000e-01
YW10-0218S,11,77,0,0,2.273000e+00,5.760000e-01
YW10-0218S,11,59,0,5.760000e-01,1.128000e+00,3.480000e-01
YW10-0218S,11,199,1.128000e+00,5.760000e-01,1.128000e+00,3.480000e-01
YW10-0218S,12,741,0,0,2.251000e+00,9.560000e-01
YW10-0218S,13,269,0,0,2.251000e+00,9.120000e-01
YW10-0218S,14,544,0,0,2.251000e+00,8.120000e-01
YW10-0218S,15,427,0,0,2.251000e+00,7.620000e-01
YW10-0218S,15,453,0,7.620000e-01,2.224000e+00,5.800000e-02
YW10-0218S,15,671,0,8.200000e-01,2.217000e+00,5.800000e-02
YW10-0218S,16,287,0,0,2.201000e+00,4.840000e-01
YW10-0218S,16,615,0,4.840000e-01,2.198000e+00,5.800000e-01
YW10-0218S,16,167,2.201000e+00,0,2.380000e-01,1.180000e-01
YW10-0218S,16,275,2.201000e+00,1.180000e-01,2.370000e-01,5.800000e-02
YW10-0218S,16,591,2.201000e+00,1.760000e-01,2.170000e-01,5.800000e-02
YW10-0218S,16,87,2.201000e+00,2.340000e-01,1.975000e-01,1.770000e-01
YW10-0218S,17,315,0,0,2.198000e+00,5.780000e-01
YW10-0218S,17,41,0,5.780000e-01,2.198000e+00,1.980000e-01
YW10-0218S,17,713,0,7.760000e-01,2.198000e+00,5.800000e-02
YW10-0218S,18,604,0,0,2.196000e+00,5.790000e-01
YW10-0218S,18,604,0,5.790000e-01,2.196000e+00,5.790000e-01
YW10-0218S,18,362,0,1.158000e+00,2.196000e+00,5.800000e-02
YW10-0218S,19,362,0,0,2.196000e+00,5.800000e-02
YW10-0218S,19,27,0,5.800000e-02,2.182000e+00,5.790000e-01
YW10-0218S,19,27,0,6.370000e-01,2.182000e+00,5.790000e-01
YW10-0218S,20,259,0,0,2.161000e+00,2.980000e-01
YW10-0218S,20,13,0,2.980000e-01,2.161000e+00,5.800000e-02
YW10-0218S,20,2,0,3.560000e-01,2.147000e+00,5.170000e-01
YW10-0218S,21,749,0,0,2.134000e+00,4.620000e-01
YW10-0218S,21,225,0,4.620000e-01,7.060000e-01,2.790000e-01
YW10-0218S,21,270,7.060000e-01,4.620000e-01,7.060000e-01,2.790000e-01
YW10-0218S,21,670,1.412000e+00,4.620000e-01,7.060000e-01,2.790000e-01
YW10-0218S,21,164,0,7.410000e-01,2.118000e+00,5.800000e-02
YW10-0218S,22,57,0,0,2.114000e+00,4.415000e-01
YW10-0218S,22,57,0,4.415000e-01,2.114000e+00,4.415000e-01
YW10-0218S,23,264,0,0,2.109000e+00,3.725000e-01
YW10-0218S,23,497,0,3.725000e-01,2.108000e+00,5.800000e-02
YW10-0218S,23,581,0,4.305000e-01,2.103000e+00,5.800000e-02
YW10-0218S,23,181,2.109000e+00,0,3.270000e-01,2.480000e-01
YW10-0218S,23,469,2.109000e+00,2.480000e-01,3.185000e-01,5.250000e-02
YW10-0218S,23,309,2.109000e+00,3.005000e-01,3.140000e-01,3.800000e-02
YW10-0218S,23,234,2.109000e+00,3.385000e-01,3.120000e-01,2.770000e-01
YW10-0218S,23,194,2.109000e+00,6.155000e-01,3.020000e-01,5.800000e-02
YW10-0218S,23,317,2.109000e+00,6.735000e-01,2.880000e-01,1.980000e-01
YW10-0218S,23,111,2.109000e+00,8.715000e-01,2.780000e-01,3.800000e-02
YW10-0218S,23,53,2.109000e+00,9.095000e-01,2.700000e-01,2.580000e-01
YW10-0218S,24,314,0,0,2.101000e+00,9.040000e-01
YW10-0218S,25,99,0,0,2.101000e+00,3.290000e-01
YW10-0218S,25,493,0,3.290000e-01,2.098000e+00,5.800000e-01
YW10-0218S,26,493,0,0,2.098000e+00,5.800000e-01
YW10-0218S,26,493,0,5.800000e-01,2.098000e+00,5.800000e-01
YW10-0218S,27,139,0,0,2.098000e+00,5.580000e-01
YW10-0218S,27,139,0,5.580000e-01,2.098000e+00,5.580000e-01
YW10-0218S,28,139,0,0,2.098000e+00,5.580000e-01
YW10-0218S,28,209,0,5.580000e-01,2.098000e+00,5.030000e-01
YW10-0218S,29,333,0,0,2.098000e+00,2.900000e-01
YW10-0218S,29,537,0,2.900000e-01,2.098000e+00,5.800000e-02
YW10-0218S,29,344,0,3.480000e-01,2.081000e+00,5.790000e-01
YW10-0218S,30,573,0,0,2.081000e+00,4.190000e-01
YW10-0218S,30,19,0,4.190000e-01,2.078000e+00,9.800000e-02
YW10-0218S,30,133,0,5.170000e-01,2.065000e+00,3.770000e-01
YW10-0218S,30,324,2.081000e+00,0,3.470000e-01,1.280000e-01
YW10-0218S,30,7,2.081000e+00,1.280000e-01,3.430000e-01,9.250000e-02
YW10-0218S,30,313,2.081000e+00,2.205000e-01,3.310000e-01,2.960000e-01
YW10-0218S,30,583,2.081000e+00,5.165000e-01,3.280000e-01,3.150000e-01
YW10-0218S,30,680,2.081000e+00,8.315000e-01,3.270000e-01,2.615000e-01
YW10-0218S,31,511,0,0,2.063500e+00,4.300000e-01
YW10-0218S,31,350,0,4.300000e-01,2.062000e+00,5.800000e-02
YW10-0218S,31,293,0,4.880000e-01,2.058000e+00,4.580000e-01
YW10-0218S,31,50,0,9.460000e-01,2.048000e+00,1.180000e-01
YW10-0218S,31,703,2.063500e+00,0,3.605000e-01,3.470000e-01
YW10-0218S,31,159,2.063500e+00,3.470000e-01,3.580000e-01,3.010000e-01
YW10-0218S,31,286,2.063500e+00,6.480000e-01,3.560000e-01,3.800000e-02
YW10-0218S,31,705,2.063500e+00,6.860000e-01,3.540000e-01,3.390000e-01
YW10-0218S,31,434,2.063500e+00,1.025000e+00,3.530000e-01,1.325000e-01
YW10-0218S,32,745,0,0,2.034000e+00,4.865000e-01
YW10-0218S,32,383,0,4.865000e-01,2.034000e+00,3.840000e-01
YW10-0218S,32,410,2.034000e+00,0,4.000000e-01,2.590000e-01
YW10-0218S,32,153,2.034000e+00,2.590000e-01,3.990000e-01,5.800000e-02
YW10-0218S,32,345,2.034000e+00,3.170000e-01,3.980000e-01,2.780000e-01
YW10-0218S,32,521,2.034000e+00,5.950000e-01,3.970000e-01,2.240000e-01
YW10-0218S,32,218,2.034000e+00,8.190000e-01,3.965000e-01,3.170000e-01
YW10-0218S,33,383,0,0,2.034000e+00,3.840000e-01
YW10-0218S,33,178,0,3.840000e-01,2.028000e+00,5.800000e-02
YW10-0218S,33,177,0,4.420000e-01,1.012000e+00,5.800000e-02
YW10-0218S,33,648,1.012000e+00,4.420000e-01,1.012000e+00,5.800000e-02
YW10-0218S,33,255,0,5.000000e-01,2.020000e+00,4.370000e-01
YW10-0218S,33,142,2.034000e+00,0,3.950000e-01,3.940000e-01
YW10-0218S,33,457,2.034000e+00,3.940000e-01,3.950000e-01,3.060000e-01
YW10-0218S,33,109,2.034000e+00,7.000000e-01,3.930000e-01,3.090000e-01
YW10-0218S,34,325,0,0,2.014000e+00,3.838000e-01
YW10-0218S,34,513,0,3.838000e-01,2.014000e+00,3.408000e-01
YW10-0218S,34,441,2.014000e+00,0,4.250000e-01,3.950000e-01
YW10-0218S,34,501,2.014000e+00,3.950000e-01,4.210000e-01,5.800000e-02
YW10-0218S,34,395,2.014000e+00,4.530000e-01,4.200000e-01,3.765000e-01
YW10-0218S,34,584,2.014000e+00,8.295000e-01,4.200000e-01,3.515000e-01
YW10-0218S,35,431,0,0,2.001000e+00,8.710000e-01
YW10-0218S,35,503,2.001000e+00,0,4.375000e-01,1.490000e-01
YW10-0218S,35,294,2.001000e+00,1.490000e-01,4.370000e-01,2.945000e-01
YW10-0218S,35,512,2.001000e+00,4.435000e-01,4.345000e-01,4.075000e-01
YW10-0218S,36,535,0,0,2.001000e+00,8.010000e-01
YW10-0218S,36,571,2.001000e+00,0,4.200000e-01,3.495000e-01
YW10-0218S,36,281,2.001000e+00,3.495000e-01,4.200000e-01,3.165000e-01
YW10-0218S,36,103,2.001000e+00,6.660000e-01,4.198000e-01,2.555000e-01
YW10-0218S,36,145,2.001000e+00,9.215000e-01,4.160000e-01,2.410000e-01
YW10-0218S,37,546,0,0,2.001000e+00,7.110000e-01
YW10-0218S,37,407,2.001000e+00,0,4.150000e-01,4.125000e-01
YW10-0218S,37,722,2.001000e+00,4.125000e-01,4.150000e-01,3.895000e-01
YW10-0218S,37,163,2.001000e+00,8.020000e-01,4.140000e-01,1.515000e-01
YW10-0218S,38,127,0,0,2.001000e+00,5.790000e-01
YW10-0218S,38,0,0,5.790000e-01,2.001000e+00,5.800000e-02
YW10-0218S,38,360,0,6.370000e-01,1.998000e+00,5.800000e-01
YW10-0218S,38,211,2.001000e+00,0,4.070000e-01,2.775000e-01
YW10-0218S,38,709,2.001000e+00,2.775000e-01,4.040000e-01,3.390000e-01
YW10-0218S,38,577,2.001000e+00,6.165000e-01,4.015000e-01,3.770000e-01
YW10-0218S,39,360,0,0,1.998000e+00,5.800000e-01
YW10-0218S,39,4,0,5.800000e-01,1.998000e+00,5.580000e-01
YW10-0218S,39,250,1.998000e+00,0,3.885000e-01,3.425000e-01
YW10-0218S,39,238,1.998000e+00,3.425000e-01,3.880000e-01,2.380000e-01
YW10-0218S,39,126,1.998000e+00,5.805000e-01,3.880000e-01,1.180000e-01
YW10-0218S,39,582,1.998000e+00,6.985000e-01,3.830000e-01,9.250000e-02
YW10-0218S,39,652,1.998000e+00,7.910000e-01,3.820000e-01,1.605000e-01
YW10-0218S,39,751,1.998000e+00,9.515000e-01,3.820000e-01,5.800000e-02
YW10-0218S,39,312,1.998000e+00,1.009500e+00,3.800000e-01,5.800000e-02
YW10-0218S,40,101,0,0,1.998000e+00,5.300000e-01
YW10-0218S,40,101,0,5.300000e-01,1.998000e+00,5.300000e-01
YW10-0218S,40,183,1.998000e+00,0,3.780000e-01,2.600000e-01
YW10-0218S,40,586,1.998000e+00,2.600000e-01,3.740000e-01,3.470000e-01
YW10-0218S,40,456,1.998000e+00,6.070000e-01,3.700000e-01,2.270000e-01
YW10-0218S,40,32,1.998000e+00,8.340000e-01,3.630000e-01,9.250000e-02
YW10-0218S,41,638,0,0,1.998000e+00,3.300000e-01
YW10-0218S,41,377,0,3.300000e-01,1.998000e+00,9.800000e-02
YW10-0218S,41,338,0,4.280000e-01,1.998000e+00,5.800000e-02
YW10-0218S,41,467,0,4.860000e-01,9.970000e-01,3.100000e-01
YW10-0218S,41,468,9.970000e-01,4.860000e-01,9.970000e-01,3.100000e-01
YW10-0218S,42,376,0,0,9.910000e-01,4.620000e-01
YW10-0218S,42,445,9.910000e-01,0,9.910000e-01,4.620000e-01
YW10-0218S,42,26,1.982000e+00,0,4.580000e-01,4.180000e-01
YW10-0218S,42,260,1.982000e+00,4.180000e-01,4.580000e-01,3.975000e-01
YW10-0218S,42,88,1.982000e+00,8.155000e-01,4.480000e-01,5.800000e-02
YW10-0218S,43,69,0,0,1.981000e+00,1.063000e+00
YW10-0218S,43,425,0,1.063000e+00,1.970000e+00,5.800000e-02
YW10-0218S,43,630,0,1.121000e+00,1.968000e+00,5.500000e-02
YW10-0218S,43,522,1.981000e+00,0,4.445000e-01,4.440000e-01
YW10-0218S,43,354,1.981000e+00,4.440000e-01,4.440000e-01,4.430000e-01
YW10-0218S,43,519,1.981000e+00,8.870000e-01,4.440000e-01,1.515000e-01
YW10-0218S,44,37,0,0,1.964000e+00,3.950000e-01
YW10-0218S,44,168,0,3.950000e-01,1.962000e+00,7.340000e-01
YW10-0218S,44,728,1.964000e+00,0,4.745000e-01,4.615000e-01
YW10-0218S,44,392,1.964000e+00,4.615000e-01,4.745000e-01,4.415000e-01
YW10-0218S,45,418,0,0,1.934000e+00,4.210000e-01
YW10-0218S,45,418,0,4.210000e-01,1.934000e+00,4.210000e-01
YW10-0218S,45,367,1.934000e+00,0,5.040000e-01,4.890000e-01
YW10-0218S,45,609,1.934000e+00,4.890000e-01,5.035000e-01,3.270000e-01
YW10-0218S,45,31,1.934000e+00,8.160000e-01,5.030000e-01,1.725000e-01
YW10-0218S,46,418,0,0,1.934000e+00,4.210000e-01
YW10-0218S,46,639,0,4.210000e-01,1.934000e+00,4.125000e-01
YW10-0218S,46,599,0,8.335000e-01,1.932000e+00,3.865000e-01
YW10-0218S,46,484,1.934000e+00,0,5.020000e-01,4.770000e-01
YW10-0218S,46,474,1.934000e+00,4.770000e-01,4.985000e-01,2.900000e-01
YW10-0218S,46,623,1.934000e+00,7.670000e-01,4.985000e-01,3.800000e-02
YW10-0218S,47,727,0,0,1.931000e+00,7.710000e-01
YW10-0218S,47,541,0,7.710000e-01,1.918000e+00,5.800000e-02
YW10-0218S,47,284,1.931000e+00,0,5.080000e-01,4.790000e-01
YW10-0218S,47,475,1.931000e+00,4.790000e-01,5.080000e-01,3.700000e-01
YW10-0218S,47,18,1.931000e+00,8.490000e-01,5.080000e-01,2.890000e-01
YW10-0218S,48,460,0,0,1.901000e+00,8.210000e-01
YW10-0218S,48,16,0,8.210000e-01,9.420000e-01,3.920000e-01
YW10-0218S,48,429,9.420000e-01,8.210000e-01,9.420000e-01,3.920000e-01
YW10-0218S,48,725,1.901000e+00,0,5.360000e-01,4.000000e-01
YW10-0218S,48,743,1.901000e+00,4.000000e-01,5.360000e-01,1.980000e-01
YW10-0218S,48,160,1.901000e+00,5.980000e-01,5.350000e-01,4.145000e-01
YW10-0218S,49,151,0,0,1.884000e+00,9.800000e-02
YW10-0218S,49,128,0,9.800000e-02,9.420000e-01,5.800000e-02
YW10-0218S,49,144,9.420000e-01,9.800000e-02,9.420000e-01,5.800000e-02
YW10-0218S,49,575,0,1.560000e-01,1.878000e+00,5.800000e-02
YW10-0218S,49,14,0,2.140000e-01,4.610000e-01,3.730000e-01
YW10-0218S,49,272,4.610000e-01,2.140000e-01,4.610000e-01,3.730000e-01
YW10-0218S,49,518,9.220000e-01,2.140000e-01,4.610000e-01,3.730000e-01
YW10-0218S,49,552,1.383000e+00,2.140000e-01,4.610000e-01,3.730000e-01
YW10-0218S,49,200,0,5.870000e-01,1.818000e+00,5.800000e-02
YW10-0218S,49,29,0,6.450000e-01,9.075000e-01,2.615000e-01
YW10-0218S,49,463,9.075000e-01,6.450000e-01,9.075000e-01,2.615000e-01
YW10-0218S,49,147,0,9.065000e-01,1.798000e+00,3.800000e-02
YW10-0218S,49,228,1.884000e+00,0,5.560000e-01,4.100000e-01
YW10-0218S,49,223,1.884000e+00,4.100000e-01,5.500000e-01,4.985000e-01
YW10-0218S,50,494,0,0,1.797000e+00,1.007000e+00
YW10-0218S,50,620,1.797000e+00,0,6.310000e-01,3.480000e-01
YW10-0218S,50,323,1.797000e+00,3.480000e-01,6.280000e-01,7.800000e-02
YW10-0218S,50,729,1.797000e+00,4.260000e-01,6.250000e-01,3.800000e-02
YW10-0218S,50,507,1.797000e+00,4.640000e-01,6.180000e-01,5.800000e-01
YW10-0218S,51,114,0,0,1.797000e+00,3.470000e-01
YW10-0218S,51,332,0,3.470000e-01,1.797000e+00,3.280000e-01
YW10-0218S,51,332,0,6.750000e-01,1.797000e+00,3.280000e-01
YW10-0218S,51,339,1.797000e+00,0,6.170000e-01,2.780000e-01
YW10-0218S,51,668,1.797000e+00,2.780000e-01,6.040000e-01,1.600000e-01
YW10-0218S,51,406,1.797000e+00,4.380000e-01,5.980000e-01,3.300000e-01
YW10-0218S,51,719,1.797000e+00,7.680000e-01,5.940000e-01,4.390000e-01
YW10-0218S,52,616,0,0,8.980000e-01,4.480000e-01
YW10-0218S,52,701,8.980000e-01,0,8.980000e-01,4.480000e-01
YW10-0218S,52,772,0,4.480000e-01,1.782000e+00,5.770000e-01
YW10-0218S,52,465,1.796000e+00,0,5.940000e-01,3.660000e-01
YW10-0218S,52,44,1.796000e+00,3.660000e-01,5.930000e-01,2.250000e-01
YW10-0218S,52,201,1.796000e+00,5.910000e-01,5.900000e-01,5.800000e-02
YW10-0218S,52,224,1.796000e+00,6.490000e-01,5.825000e-01,4.890000e-01
YW10-0218S,53,346,0,0,1.781000e+00,3.480000e-01
YW10-0218S,53,56,0,3.480000e-01,8.820000e-01,4.470000e-01
YW10-0218S,53,689,8.820000e-01,3.480000e-01,8.820000e-01,4.470000e-01
YW10-0218S,53,243,0,7.950000e-01,8.820000e-01,5.800000e-02
YW10-0218S,53,673,8.820000e-01,7.950000e-01,8.820000e-01,5.800000e-02
YW10-0218S,53,162,1.781000e+00,0,6.495000e-01,2.980000e-01
YW10-0218S,53,104,1.781000e+00,2.980000e-01,6.430000e-01,2.770000e-01
YW10-0218S,53,257,1.781000e+00,5.750000e-01,6.380000e-01,3.800000e-02
YW10-0218S,53,661,1.781000e+00,6.130000e-01,6.360000e-01,5.800000e-02
YW10-0218S,53,763,1.781000e+00,6.710000e-01,6.350000e-01,4.025000e-01
YW10-0218S,53,292,1.781000e+00,1.073500e+00,6.320000e-01,5.800000e-02
YW10-0218S,54,504,0,0,8.810000e-01,3.875000e-01
YW10-0218S,54,520,8.810000e-01,0,8.810000e-01,3.875000e-01
YW10-0218S,54,611,0,3.875000e-01,8.800000e-01,3.480000e-01
YW10-0218S,54,696,8.800000e-01,3.875000e-01,8.800000e-01,3.480000e-01
YW10-0218S,54,65,0,7.355000e-01,8.800000e-01,3.280000e-01
YW10-0218S,54,68,8.800000e-01,7.355000e-01,8.800000e-01,3.280000e-01
YW10-0218S,54,261,1.762000e+00,0,6.770000e-01,5.290000e-01
YW10-0218S,54,579,1.762000e+00,5.290000e-01,6.760000e-01,3.460000e-01
YW10-0218S,54,23,1.762000e+00,8.750000e-01,3.380000e-01,1.980000e-01
YW10-0218S,54,54,2.100000e+00,8.750000e-01,3.380000e-01,1.980000e-01
YW10-0218S,54,118,1.762000e+00,1.073000e+00,3.380000e-01,7.800000e-02
YW10-0218S,54,549,2.100000e+00,1.073000e+00,3.380000e-01,7.800000e-02
YW10-0218S,55,66,0,0,1.755000e+00,3.370000e-01
YW10-0218S,55,274,0,3.370000e-01,8.770000e-01,3.430000e-01
YW10-0218S,55,691,8.770000e-01,3.370000e-01,8.770000e-01,3.430000e-01
YW10-0218S,55,592,0,6.800000e-01,1.738000e+00,5.800000e-02
YW10-0218S,55,677,0,7.380000e-01,8.620000e-01,3.080000e-01
YW10-0218S,55,619,8.620000e-01,7.380000e-01,8.620000e-01,3.080000e-01
YW10-0218S,55,131,0,1.046000e+00,8.600000e-01,5.800000e-02
YW10-0218S,55,764,8.600000e-01,1.046000e+00,8.600000e-01,5.800000e-02
YW10-0218S,55,401,1.755000e+00,0,6.820000e-01,4.130000e-01
YW10-0218S,55,590,1.755000e+00,4.130000e-01,6.800000e-01,3.780000e-01
YW10-0218S,55,347,1.755000e+00,7.910000e-01,6.800000e-01,2.780000e-01
YW10-0218S,56,449,0,0,8.470000e-01,5.750000e-01
YW10-0218S,56,754,8.470000e-01,0,8.470000e-01,5.750000e-01
YW10-0218S,56,389,0,5.750000e-01,8.410000e-01,5.550000e-01
YW10-0218S,56,421,8.410000e-01,5.750000e-01,8.410000e-01,5.550000e-01
YW10-0218S,56,336,0,1.130000e+00,8.410000e-01,8.300000e-02
YW10-0218S,56,662,8.410000e-01,1.130000e+00,8.410000e-01,8.300000e-02
YW10-0218S,56,370,1.694000e+00,0,7.400000e-01,7.080000e-01
YW10-0218S,56,568,1.694000e+00,7.080000e-01,7.385000e-01,4.310000e-01
YW10-0218S,57,726,0,0,1.678000e+00,5.800000e-02
YW10-0218S,57,610,0,5.800000e-02,8.310000e-01,5.085000e-01
YW10-0218S,57,679,8.310000e-01,5.800000e-02,8.310000e-01,5.085000e-01
YW10-0218S,57,628,0,5.665000e-01,1.658000e+00,4.480000e-01
YW10-0218S,57,651,1.678000e+00,0,7.620000e-01,5.080000e-01
YW10-0218S,57,254,1.678000e+00,5.080000e-01,7.620000e-01,3.270000e-01
YW10-0218S,57,618,1.678000e+00,8.350000e-01,7.620000e-01,2.970000e-01
YW10-0218S,58,391,0,0,1.658000e+00,3.980000e-01
YW10-0218S,58,415,0,3.980000e-01,8.220000e-01,5.800000e-02
YW10-0218S,58,736,8.220000e-01,3.980000e-01,8.220000e-01,5.800000e-02
YW10-0218S,58,165,0,4.560000e-01,1.642000e+00,5.790000e-01
YW10-0218S,58,213,0,1.035000e+00,8.210000e-01,5.800000e-02
YW10-0218S,58,695,8.210000e-01,1.035000e+00,8.210000e-01,5.800000e-02
YW10-0218S,58,349,1.658000e+00,0,7.770000e-01,4.350000e-01
YW10-0218S,58,470,1.658000e+00,4.350000e-01,7.770000e-01,5.800000e-02
YW10-0218S,58,718,1.658000e+00,4.930000e-01,7.710000e-01,8.800000e-02
YW10-0218S,58,343,1.658000e+00,5.810000e-01,7.710000e-01,5.800000e-02
YW10-0218S,59,644,0,0,1.638500e+00,8.820000e-01
YW10-0218S,59,720,1.638500e+00,0,8.015000e-01,7.550000e-01
YW10-0218S,60,20,0,0,1.625000e+00,3.770000e-01
YW10-0218S,60,20,0,3.770000e-01,1.625000e+00,3.770000e-01
YW10-0218S,60,119,0,7.540000e-01,1.625000e+00,5.800000e-02
YW10-0218S,60,675,0,8.120000e-01,1.620000e+00,3.770000e-01
YW10-0218S,60,321,1.625000e+00,0,8.110000e-01,7.610000e-01
YW10-0218S,61,424,0,0,1.619500e+00,2.765000e-01
YW10-0218S,61,363,0,2.765000e-01,1.618000e+00,3.980000e-01
YW10-0218S,61,412,0,6.745000e-01,1.618000e+00,2.990000e-01
YW10-0218S,61,409,0,9.735000e-01,1.598000e+00,7.800000e-02
YW10-0218S,61,239,1.619500e+00,0,8.160000e-01,4.685000e-01
YW10-0218S,61,316,1.619500e+00,4.685000e-01,8.150000e-01,3.950000e-01
YW10-0218S,61,524,1.619500e+00,8.635000e-01,8.130000e-01,3.800000e-02
YW10-0218S,61,230,1.619500e+00,9.015000e-01,8.120000e-01,5.800000e-02
YW10-0218S,62,10,0,0,1.568000e+00,3.680000e-01
YW10-0218S,62,419,0,3.680000e-01,7.830000e-01,5.780000e-01
YW10-0218S,62,195,7.830000e-01,3.680000e-01,7.830000e-01,5.780000e-01
YW10-0218S,62,563,1.568000e+00,0,8.660000e-01,6.980000e-01
YW10-0218S,62,657,1.568000e+00,6.980000e-01,8.635000e-01,4.995000e-01
YW10-0218S,63,148,0,0,7.770000e-01,3.270000e-01
YW10-0218S,63,700,7.770000e-01,0,7.770000e-01,3.270000e-01
YW10-0218S,63,464,0,3.270000e-01,7.760000e-01,4.890000e-01
YW10-0218S,63,775,7.760000e-01,3.270000e-01,7.760000e-01,4.890000e-01
YW10-0218S,63,97,1.554000e+00,0,8.810000e-01,4.280000e-01
YW10-0218S,63,459,1.554000e+00,4.280000e-01,8.800000e-01,3.280000e-01
YW10-0218S,64,641,0,0,1.551000e+00,4.430000e-01
YW10-0218S,64,451,0,4.430000e-01,7.710000e-01,5.490000e-01
YW10-0218S,64,602,7.710000e-01,4.430000e-01,7.710000e-01,5.490000e-01
YW10-0218S,64,774,1.551000e+00,0,8.885000e-01,3.605000e-01
YW10-0218S,64,417,1.551000e+00,3.605000e-01,8.885000e-01,3.550000e-01
YW10-0218S,64,186,1.551000e+00,7.155000e-01,8.885000e-01,3.470000e-01
YW10-0218S,65,46,0,0,7.710000e-01,4.800000e-01
YW10-0218S,65,403,7.710000e-01,0,7.710000e-01,4.800000e-01
YW10-0218S,65,319,0,4.800000e-01,1.541000e+00,3.270000e-01
YW10-0218S,65,6,0,8.070000e-01,7.690000e-01,3.580000e-01
YW10-0218S,65,191,7.690000e-01,8.070000e-01,7.690000e-01,3.580000e-01
YW10-0218S,65,390,1.542000e+00,0,8.980000e-01,7.870000e-01
YW10-0218S,65,433,1.542000e+00,7.870000e-01,8.980000e-01,3.980000e-01
YW10-0218S,66,650,0,0,1.536000e+00,2.780000e-01
YW10-0218S,66,222,0,2.780000e-01,5.080000e-01,3.610000e-01
YW10-0218S,66,256,5.080000e-01,2.780000e-01,5.080000e-01,3.610000e-01
YW10-0218S,66,311,1.016000e+00,2.780000e-01,5.080000e-01,3.610000e-01
YW10-0218S,66,30,0,6.390000e-01,1.517500e+00,2.580000e-01
YW10-0218S,66,237,1.536000e+00,0,9.040000e-01,4.595000e-01
YW10-0218S,67,393,0,0,1.517000e+00,5.590000e-01
YW10-0218S,67,366,0,5.590000e-01,1.498000e+00,1.280000e-01
YW10-0218S,67,182,0,6.870000e-01,1.498000e+00,5.800000e-02
YW10-0218S,67,187,1.517000e+00,0,9.210000e-01,4.020000e-01
YW10-0218S,67,175,1.517000e+00,4.020000e-01,4.600000e-01,3.730000e-01
YW10-0218S,67,298,1.977000e+00,4.020000e-01,4.600000e-01,3.730000e-01
YW10-0218S,67,649,1.517000e+00,7.750000e-01,9.180000e-01,5.800000e-02
YW10-0218S,67,768,1.517000e+00,8.330000e-01,9.125000e-01,3.865000e-01
YW10-0218S,68,116,0,0,1.480000e+00,5.170000e-01
YW10-0218S,68,265,0,5.170000e-01,1.473000e+00,3.700000e-01
YW10-0218S,68,71,0,8.870000e-01,1.462000e+00,1.380000e-01
YW10-0218S,68,98,0,1.025000e+00,1.462000e+00,5.800000e-02
YW10-0218S,68,98,0,1.083000e+00,1.462000e+00,5.800000e-02
YW10-0218S,68,578,0,1.141000e+00,1.460000e+00,5.800000e-02
YW10-0218S,68,271,1.480000e+00,0,9.330000e-01,4.690000e-01
YW10-0218S,68,267,1.480000e+00,4.690000e-01,9.300000e-01,3.580000e-01
YW10-0218S,68,171,1.480000e+00,8.270000e-01,4.633000e-01,2.750000e-01
YW10-0218S,68,560,1.943300e+00,8.270000e-01,4.633000e-01,2.750000e-01
YW10-0218S,68,12,1.480000e+00,1.102000e+00,9.250000e-01,3.800000e-02
YW10-0218S,69,129,0,0,1.458000e+00,3.690000e-01
YW10-0218S,69,129,0,3.690000e-01,1.458000e+00,3.690000e-01
YW10-0218S,69,140,0,7.380000e-01,7.230000e-01,4.280000e-01
YW10-0218S,69,328,7.230000e-01,7.380000e-01,7.230000e-01,4.280000e-01
YW10-0218S,69,397,1.458000e+00,0,9.800000e-01,5.580000e-01
YW10-0218S,69,683,1.458000e+00,5.580000e-01,9.780000e-01,1.180000e-01
YW10-0218S,69,285,1.458000e+00,6.760000e-01,4.880000e-01,1.980000e-01
YW10-0218S,69,405,1.946000e+00,6.760000e-01,4.880000e-01,1.980000e-01
YW10-0218S,69,226,1.458000e+00,8.740000e-01,4.880000e-01,7.800000e-02
YW10-0218S,69,761,1.946000e+00,8.740000e-01,4.880000e-01,7.800000e-02
YW10-0218S,70,83,0,0,2.880000e-01,1.580000e-01
YW10-0218S,70,340,2.880000e-01,0,2.880000e-01,1.580000e-01
YW10-0218S,70,529,5.760000e-01,0,2.880000e-01,1.580000e-01
YW10-0218S,70,627,8.640000e-01,0,2.880000e-01,1.580000e-01
YW10-0218S,70,654,1.152000e+00,0,2.880000e-01,1.580000e-01
YW10-0218S,70,440,0,1.580000e-01,1.437000e+00,5.800000e-02
YW10-0218S,70,51,0,2.160000e-01,7.170000e-01,6.440000e-01
YW10-0218S,70,587,7.170000e-01,2.160000e-01,7.170000e-01,6.440000e-01
YW10-0218S,70,39,0,8.600000e-01,7.130000e-01,1.325000e-01
YW10-0218S,70,693,7.130000e-01,8.600000e-01,7.130000e-01,1.325000e-01
YW10-0218S,70,72,1.440000e+00,0,9.980000e-01,8.660000e-01
YW10-0218S,70,308,1.440000e+00,8.660000e-01,9.980000e-01,3.100000e-01
YW10-0218S,71,60,0,0,7.120000e-01,3.270000e-01
YW10-0218S,71,216,7.120000e-01,0,7.120000e-01,3.270000e-01
YW10-0218S,71,180,0,3.270000e-01,1.417000e+00,5.800000e-02
YW10-0218S,71,202,0,3.850000e-01,7.070000e-01,4.890000e-01
YW10-0218S,71,437,7.070000e-01,3.850000e-01,7.070000e-01,4.890000e-01
YW10-0218S,71,565,0,8.740000e-01,7.040000e-01,3.290000e-01
YW10-0218S,71,762,7.040000e-01,8.740000e-01,7.040000e-01,3.290000e-01
YW10-0218S,71,531,1.424000e+00,0,1.013000e+00,9.840000e-01
YW10-0218S,72,295,0,0,6.965000e-01,4.538000e-01
YW10-0218S,72,331,6.965000e-01,0,6.965000e-01,4.538000e-01
YW10-0218S,72,320,0,4.538000e-01,4.640000e-01,3.788000e-01
YW10-0218S,72,665,4.640000e-01,4.538000e-01,4.640000e-01,3.788000e-01
YW10-0218S,72,666,9.280000e-01,4.538000e-01,4.640000e-01,3.788000e-01
YW10-0218S,72,576,0,8.326000e-01,6.940000e-01,2.790000e-01
YW10-0218S,72,622,6.940000e-01,8.326000e-01,6.940000e-01,2.790000e-01
YW10-0218S,72,82,1.393000e+00,0,1.024000e+00,4.950000e-01
YW10-0218S,72,35,1.393000e+00,4.950000e-01,5.070000e-01,4.150000e-01
YW10-0218S,72,770,1.900000e+00,4.950000e-01,5.070000e-01,4.150000e-01
YW10-0218S,72,67,1.393000e+00,9.100000e-01,3.380000e-01,1.580000e-01
YW10-0218S,72,477,1.731000e+00,9.100000e-01,3.380000e-01,1.580000e-01
YW10-0218S,72,642,2.069000e+00,9.100000e-01,3.380000e-01,1.580000e-01
YW10-0218S,72,58,1.393000e+00,1.068000e+00,3.380000e-01,1.180000e-01
YW10-0218S,72,635,1.731000e+00,1.068000e+00,3.380000e-01,1.180000e-01
YW10-0218S,72,732,2.069000e+00,1.068000e+00,3.380000e-01,1.180000e-01
YW10-0218S,73,246,0,0,4.620000e-01,3.790000e-01
YW10-0218S,73,247,4.620000e-01,0,4.620000e-01,3.790000e-01
YW10-0218S,73,711,9.240000e-01,0,4.620000e-01,3.790000e-01
YW10-0218S,73,280,0,3.790000e-01,1.382000e+00,5.790000e-01
YW10-0218S,73,601,1.386000e+00,0,5.245000e-01,3.590000e-01
YW10-0218S,73,773,1.910500e+00,0,5.245000e-01,3.590000e-01
YW10-0218S,73,282,1.386000e+00,3.590000e-01,1.048000e+00,5.800000e-02
YW10-0218S,73,105,1.386000e+00,4.170000e-01,5.170000e-01,3.670000e-01
YW10-0218S,73,276,1.903000e+00,4.170000e-01,5.170000e-01,3.670000e-01
YW10-0218S,73,443,1.386000e+00,7.840000e-01,1.028000e+00,3.800000e-01
YW10-0218S,74,280,0,0,1.382000e+00,5.790000e-01
YW10-0218S,74,386,0,5.790000e-01,6.910000e-01,4.770000e-01
YW10-0218S,74,672,6.910000e-01,5.790000e-01,6.910000e-01,4.770000e-01
YW10-0218S,74,208,1.382000e+00,0,1.012000e+00,5.790000e-01
YW10-0218S,74,721,1.382000e+00,5.790000e-01,1.011000e+00,5.600000e-01
YW10-0218S,75,330,0,0,1.378000e+00,5.980000e-01
YW10-0218S,75,553,0,5.980000e-01,1.366000e+00,2.950000e-01
YW10-0218S,75,631,1.378000e+00,0,1.008000e+00,2.980000e-01
YW10-0218S,75,368,1.378000e+00,2.980000e-01,5.030000e-01,4.480000e-01
YW10-0218S,75,420,1.881000e+00,2.980000e-01,5.030000e-01,4.480000e-01
YW10-0218S,75,398,1.378000e+00,7.460000e-01,1.001000e+00,2.990000e-01
YW10-0218S,76,561,0,0,1.362000e+00,5.650000e-01
YW10-0218S,76,561,0,5.650000e-01,1.362000e+00,5.650000e-01
YW10-0218S,76,685,0,1.130000e+00,1.362000e+00,5.800000e-02
YW10-0218S,76,192,1.362000e+00,0,5.340000e-01,2.725000e-01
YW10-0218S,76,702,1.896000e+00,0,5.340000e-01,2.725000e-01
YW10-0218S,76,359,1.362000e+00,2.725000e-01,5.270000e-01,3.610000e-01
YW10-0218S,76,653,1.889000e+00,2.725000e-01,5.270000e-01,3.610000e-01
YW10-0218S,76,232,1.362000e+00,6.335000e-01,5.245000e-01,3.838000e-01
YW10-0218S,76,369,1.886500e+00,6.335000e-01,5.245000e-01,3.838000e-01
YW10-0218S,77,86,0,0,1.350500e+00,4.300000e-01
YW10-0218S,77,1,0,4.300000e-01,1.339000e+00,3.525000e-01
YW10-0218S,77,428,1.350500e+00,0,9.965000e-01,3.605000e-01
YW10-0218S,77,606,1.350500e+00,3.605000e-01,9.920000e-01,5.580000e-01
YW10-0218S,78,636,0,0,1.326000e+00,4.595000e-01
YW10-0218S,78,613,0,4.595000e-01,6.625000e-01,5.075000e-01
YW10-0218S,78,614,6.625000e-01,4.595000e-01,6.625000e-01,5.075000e-01
YW10-0218S,78,491,1.326000e+00,0,9.840000e-01,5.770000e-01
YW10-0218S,78,296,1.326000e+00,5.770000e-01,3.280000e-01,3.220000e-01
YW10-0218S,78,432,1.654000e+00,5.770000e-01,3.280000e-01,3.220000e-01
YW10-0218S,78,536,1.982000e+00,5.770000e-01,3.280000e-01,3.220000e-01
YW10-0218S,78,767,1.326000e+00,8.990000e-01,9.840000e-01,9.800000e-02
YW10-0218S,78,530,1.326000e+00,9.970000e-01,9.810000e-01,1.740000e-01
YW10-0218S,79,17,0,0,1.320500e+00,4.000000e-01
YW10-0218S,79,364,0,4.000000e-01,6.600000e-01,5.800000e-02
YW10-0218S,79,769,6.600000e-01,4.000000e-01,6.600000e-01,5.800000e-02
YW10-0218S,79,45,0,4.580000e-01,4.380000e-01,1.580000e-01
YW10-0218S,79,450,4.380000e-01,4.580000e-01,4.380000e-01,1.580000e-01
YW10-0218S,79,617,8.760000e-01,4.580000e-01,4.380000e-01,1.580000e-01
YW10-0218S,79,348,1.320500e+00,0,9.730000e-01,3.280000e-01
YW10-0218S,79,229,1.320500e+00,3.280000e-01,9.710000e-01,2.970000e-01
YW10-0218S,79,404,1.320500e+00,6.250000e-01,4.840000e-01,3.890000e-01
YW10-0218S,79,674,1.804500e+00,6.250000e-01,4.840000e-01,3.890000e-01
YW10-0218S,80,301,0,0,6.510000e-01,6.100000e-01
YW10-0218S,80,664,6.510000e-01,0,6.510000e-01,6.100000e-01
YW10-0218S,80,233,0,6.100000e-01,6.510000e-01,2.390000e-01
YW10-0218S,80,625,6.510000e-01,6.100000e-01,6.510000e-01,2.390000e-01
YW10-0218S,80,231,0,8.490000e-01,1.273000e+00,2.480000e-01
YW10-0218S,80,686,1.302000e+00,0,1.128000e+00,3.480000e-01
YW10-0218S,80,310,1.302000e+00,3.480000e-01,1.122000e+00,7.290000e-01
YW10-0218S,81,231,0,0,1.273000e+00,2.480000e-01
YW10-0218S,81,263,0,2.480000e-01,1.247000e+00,7.220000e-01
YW10-0218S,81,161,1.273000e+00,0,1.165000e+00,4.910000e-01
YW10-0218S,81,759,1.273000e+00,4.910000e-01,1.165000e+00,5.800000e-02
YW10-0218S,81,123,1.273000e+00,5.490000e-01,3.880000e-01,1.580000e-01
YW10-0218S,81,193,1.661000e+00,5.490000e-01,3.880000e-01,1.580000e-01
YW10-0218S,81,633,2.049000e+00,5.490000e-01,3.880000e-01,1.580000e-01
YW10-0218S,81,96,1.273000e+00,7.070000e-01,1.162000e+00,3.270000e-01
YW10-0218S,82,117,0,0,1.235500e+00,2.820000e-01
YW10-0218S,82,523,0,2.820000e-01,1.218000e+00,5.800000e-02
YW10-0218S,82,411,0,3.400000e-01,1.194000e+00,4.950000e-01
YW10-0218S,82,3,1.235500e+00,0,1.179500e+00,7.020000e-01
YW10-0218S,83,637,0,0,1.172500e+00,5.280000e-01
YW10-0218S,83,93,0,5.280000e-01,1.165000e+00,5.710000e-01
YW10-0218S,83,49,1.172500e+00,0,1.159000e+00,5.480000e-01
YW10-0218S,83,214,1.172500e+00,5.480000e-01,5.680000e-01,2.460000e-01
YW10-0218S,83,352,1.740500e+00,5.480000e-01,5.680000e-01,2.460000e-01
YW10-0218S,83,5,1.172500e+00,7.940000e-01,5.680000e-01,1.700000e-01
YW10-0218S,83,381,1.740500e+00,7.940000e-01,5.680000e-01,1.700000e-01
YW10-0218S,83,146,1.172500e+00,9.640000e-01,5.680000e-01,9.250000e-02
YW10-0218S,83,190,1.740500e+00,9.640000e-01,5.680000e-01,9.250000e-02
YW10-0218S,84,94,0,0,1.121000e+00,9.300000e-01
YW10-0218S,84,196,1.121000e+00,0,5.605000e-01,3.603000e-01
YW10-0218S,84,249,1.681500e+00,0,5.605000e-01,3.603000e-01
YW10-0218S,85,645,0,0,1.120500e+00,8.820000e-01
YW10-0218S,85,70,1.120500e+00,0,5.600000e-01,3.950000e-01
YW10-0218S,85,659,1.680500e+00,0,5.600000e-01,3.950000e-01
YW10-0218S,85,122,1.120500e+00,3.950000e-01,3.700000e-01,3.080000e-01
YW10-0218S,85,189,1.490500e+00,3.950000e-01,3.700000e-01,3.080000e-01
YW10-0218S,85,439,1.860500e+00,3.950000e-01,3.700000e-01,3.080000e-01
YW10-0218S,85,748,1.120500e+00,7.030000e-01,1.080000e+00,3.780000e-01
YW10-0218S,86,297,0,0,9.620000e-01,2.770000e-01
YW10-0218S,86,539,0,2.770000e-01,9.580000e-01,2.500000e-01
YW10-0218S,86,158,0,5.270000e-01,9.560000e-01,5.800000e-02
YW10-0218S,86,149,0,5.850000e-01,9.500000e-01,5.800000e-02
YW10-0218S,86,753,0,6.430000e-01,9.420000e-01,5.800000e-02
YW10-0218S,86,124,0,7.010000e-01,9.380000e-01,5.800000e-02
YW10-0218S,86,106,0,7.590000e-01,9.355000e-01,3.690000e-01
YW10-0218S,86,217,9.620000e-01,0,9.120000e-01,5.290000e-01
YW10-0218S,86,756,9.620000e-01,5.290000e-01,9.100000e-01,3.675000e-01
YW10-0218S,87,108,0,0,8.980000e-01,3.670000e-01
YW10-0218S,87,442,0,3.670000e-01,8.980000e-01,3.505000e-01
YW10-0218S,87,399,0,7.175000e-01,8.980000e-01,2.370000e-01
YW10-0218S,87,76,0,9.545000e-01,8.980000e-01,1.530000e-01
YW10-0218S,87,299,0,1.107500e+00,8.980000e-01,5.800000e-02
YW10-0218S,87,289,0,1.165500e+00,8.980000e-01,3.800000e-02
YW10-0218S,87,11,8.980000e-01,0,8.780000e-01,4.780000e-01
YW10-0218S,87,690,8.980000e-01,4.780000e-01,8.780000e-01,4.610000e-01
YW10-0218S,87,15,8.980000e-01,9.390000e-01,4.390000e-01,2.450000e-01
YW10-0218S,87,136,1.337000e+00,9.390000e-01,4.390000e-01,2.450000e-01
YW10-0218S,88,379,0,0,4.380000e-01,2.380000e-01
YW10-0218S,88,572,4.380000e-01,0,4.380000e-01,2.380000e-01
YW10-0218S,88,305,0,2.380000e-01,8.670000e-01,7.610000e-01
YW10-0218S,88,490,8.760000e-01,0,8.630000e-01,5.600000e-01
YW10-0218S,88,678,8.760000e-01,5.600000e-01,8.620000e-01,5.770000e-01
YW10-0218S,89,676,0,0,8.620000e-01,3.270000e-01
YW10-0218S,89,262,0,3.270000e-01,8.480000e-01,4.700000e-01
YW10-0218S,89,253,8.620000e-01,0,8.470000e-01,5.830000e-01
YW10-0218S,89,130,8.620000e-01,5.830000e-01,8.470000e-01,5.800000e-02
YW10-0218S,89,300,8.620000e-01,6.410000e-01,8.460000e-01,5.640000e-01
YW10-0218S,90,436,0,0,8.445000e-01,2.940000e-01
YW10-0218S,90,138,0,2.940000e-01,8.440000e-01,3.950000e-01
YW10-0218S,90,540,0,6.890000e-01,8.430000e-01,2.420000e-01
YW10-0218S,90,551,8.445000e-01,0,8.410000e-01,5.980000e-01
YW10-0218S,90,372,8.445000e-01,5.980000e-01,8.410000e-01,5.280000e-01
YW10-0218S,90,373,8.445000e-01,1.126000e+00,8.410000e-01,8.800000e-02
YW10-0218S,91,74,0,0,8.400000e-01,5.550000e-01
YW10-0218S,91,169,0,5.550000e-01,8.400000e-01,5.480000e-01
YW10-0218S,91,742,8.400000e-01,0,8.400000e-01,3.385000e-01
YW10-0218S,91,121,8.400000e-01,3.385000e-01,8.400000e-01,1.900000e-01
YW10-0218S,91,517,8.400000e-01,5.285000e-01,8.340000e-01,4.540000e-01
YW10-0218S,92,569,0,0,8.320000e-01,6.770000e-01
YW10-0218S,92,351,0,6.770000e-01,8.300000e-01,3.610000e-01
YW10-0218S,92,564,8.320000e-01,0,8.260000e-01,4.130000e-01
YW10-0218S,92,382,8.320000e-01,4.130000e-01,8.210000e-01,5.995000e-01
YW10-0218S,93,414,0,0,8.210000e-01,5.790000e-01
YW10-0218S,93,634,0,5.790000e-01,8.190000e-01,5.380000e-01
YW10-0218S,93,455,8.210000e-01,0,8.110000e-01,6.565000e-01
YW10-0218S,94,387,0,0,8.110000e-01,6.225000e-01
YW10-0218S,94,462,0,6.225000e-01,8.110000e-01,3.285000e-01
YW10-0218S,94,283,0,9.510000e-01,4.020000e-01,2.490000e-01
YW10-0218S,94,538,4.020000e-01,9.510000e-01,4.020000e-01,2.490000e-01
YW10-0218S,94,245,8.110000e-01,0,8.030000e-01,1.935000e-01
YW10-0218S,94,688,8.110000e-01,1.935000e-01,8.020000e-01,3.180000e-01
YW10-0218S,95,221,0,0,8.010000e-01,5.790000e-01
YW10-0218S,95,739,0,5.790000e-01,8.010000e-01,5.800000e-02
YW10-0218S,95,717,0,6.370000e-01,7.980000e-01,4.390000e-01
YW10-0218S,95,766,8.010000e-01,0,7.980000e-01,3.800000e-01
YW10-0218S,95,458,8.010000e-01,3.800000e-01,7.980000e-01,3.570000e-01
YW10-0218S,95,632,8.010000e-01,7.370000e-01,7.980000e-01,2.580000e-01
YW10-0218S,95,430,8.010000e-01,9.950000e-01,7.980000e-01,3.800000e-02
YW10-0218S,95,358,8.010000e-01,1.033000e+00,7.970000e-01,1.325000e-01
YW10-0218S,96,492,0,0,7.960000e-01,5.770000e-01
YW10-0218S,96,621,0,5.770000e-01,7.950000e-01,6.020000e-01
YW10-0218S,96,771,7.960000e-01,0,7.940000e-01,2.480000e-01
YW10-0218S,96,107,7.960000e-01,2.480000e-01,7.930000e-01,4.465000e-01
YW10-0218S,97,135,0,0,7.880000e-01,6.980000e-01
YW10-0218S,97,137,0,6.980000e-01,3.935000e-01,2.665000e-01
YW10-0218S,97,240,3.935000e-01,6.980000e-01,3.935000e-01,2.665000e-01
YW10-0218S,97,714,7.880000e-01,0,7.860000e-01,3.165000e-01
YW10-0218S,97,482,7.880000e-01,3.165000e-01,7.790000e-01,1.680000e-01
YW10-0218S,97,416,7.880000e-01,4.845000e-01,7.780000e-01,4.538000e-01
YW10-0218S,98,203,0,0,7.700000e-01,6.620000e-01
YW10-0218S,98,562,0,6.620000e-01,7.700000e-01,5.300000e-01
YW10-0218S,98,510,7.700000e-01,0,7.670000e-01,4.310000e-01
YW10-0218S,98,438,7.700000e-01,4.310000e-01,7.660000e-01,3.800000e-02
YW10-0218S,98,303,7.700000e-01,4.690000e-01,7.650000e-01,3.080000e-01
YW10-0218S,99,78,0,0,7.620000e-01,2.370000e-01
YW10-0218S,99,210,0,2.370000e-01,7.620000e-01,7.800000e-02
YW10-0218S,99,89,0,3.150000e-01,7.610000e-01,5.550000e-01
YW10-0218S,99,335,0,8.700000e-01,7.610000e-01,3.080000e-01
YW10-0218S,99,594,7.620000e-01,0,7.600000e-01,4.015000e-01
YW10-0218S,99,402,7.620000e-01,4.015000e-01,7.600000e-01,3.270000e-01
YW10-0218S,99,219,7.620000e-01,7.285000e-01,7.600000e-01,3.080000e-01
YW10-0218S,99,125,7.620000e-01,1.036500e+00,3.800000e-01,4.000000e-03
YW10-0218S,99,499,1.142000e+00,1.036500e+00,3.800000e-01,4.000000e-03
YW10-0218S,100,302,0,0,7.580000e-01,3.080000e-01
YW10-0218S,100,554,0,3.080000e-01,7.580000e-01,9.800000e-02
YW10-0218S,100,567,0,4.060000e-01,3.780000e-01,2.240000e-01
YW10-0218S,100,589,3.780000e-01,4.060000e-01,3.780000e-01,2.240000e-01
YW10-0218S,100,42,0,6.300000e-01,7.540000e-01,3.875000e-01
YW10-0218S,100,371,7.580000e-01,0,7.540000e-01,2.890000e-01
YW10-0218S,100,21,7.580000e-01,2.890000e-01,7.530000e-01,1.725000e-01
YW10-0218S,100,658,7.580000e-01,4.615000e-01,7.520000e-01,3.400000e-01
YW10-0218S,101,80,0,0,7.485000e-01,5.400000e-01
YW10-0218S,101,365,0,5.400000e-01,3.735000e-01,3.480000e-01
YW10-0218S,101,755,3.735000e-01,5.400000e-01,3.735000e-01,3.480000e-01
YW10-0218S,101,205,0,8.880000e-01,7.430000e-01,1.985000e-01
YW10-0218S,101,327,0,1.086500e+00,7.430000e-01,9.800000e-02
YW10-0218S,101,555,7.485000e-01,0,7.380000e-01,3.740000e-01
YW10-0218S,101,266,7.485000e-01,3.740000e-01,3.680000e-01,2.980000e-01
YW10-0218S,101,306,1.116500e+00,3.740000e-01,3.680000e-01,2.980000e-01
YW10-0218S,102,24,0,0,7.350000e-01,5.580000e-01
YW10-0218S,102,757,0,5.580000e-01,7.340000e-01,2.480000e-01
YW10-0218S,102,384,0,8.060000e-01,7.331000e-01,5.800000e-02
YW10-0218S,102,486,7.350000e-01,0,7.290000e-01,4.575000e-01
YW10-0218S,102,738,7.350000e-01,4.575000e-01,7.290000e-01,3.515000e-01
YW10-0218S,103,400,0,0,7.280000e-01,5.620000e-01
YW10-0218S,103,423,0,5.620000e-01,7.280000e-01,3.790000e-01
YW10-0218S,103,607,7.280000e-01,0,3.640000e-01,3.390000e-01
YW10-0218S,103,716,1.092000e+00,0,3.640000e-01,3.390000e-01
YW10-0218S,103,380,7.280000e-01,3.390000e-01,3.630000e-01,1.725000e-01
YW10-0218S,103,724,1.091000e+00,3.390000e-01,3.630000e-01,1.725000e-01
YW10-0218S,104,525,0,0,7.245000e-01,7.200000e-01
YW10-0218S,104,141,0,7.200000e-01,7.240000e-01,5.800000e-02
YW10-0218S,104,454,0,7.780000e-01,3.620000e-01,5.800000e-02
YW10-0218S,104,478,3.620000e-01,7.780000e-01,3.620000e-01,5.800000e-02
YW10-0218S,104,357,7.245000e-01,0,7.230000e-01,4.775000e-01
YW10-0218S,104,156,7.245000e-01,4.775000e-01,3.610000e-01,3.270000e-01
YW10-0218S,104,710,1.085500e+00,4.775000e-01,3.610000e-01,3.270000e-01
YW10-0218S,105,646,0,0,7.210000e-01,6.545000e-01
YW10-0218S,105,3,0,6.545000e-01,7.200000e-01,5.120000e-01
YW10-0218S,105,731,7.210000e-01,0,7.200000e-01,3.770000e-01
YW10-0218S,105,626,7.210000e-01,3.770000e-01,7.190000e-01,3.080000e-01
YW10-0218S,105,179,7.210000e-01,6.850000e-01,7.180000e-01,5.800000e-02
YW10-0218S,105,516,7.210000e-01,7.430000e-01,7.160000e-01,3.180000e-01
YW10-0218S,106,95,0,0,7.110000e-01,5.580000e-01
YW10-0218S,106,290,0,5.580000e-01,7.110000e-01,3.275000e-01
YW10-0218S,106,166,7.110000e-01,0,7.100000e-01,5.080000e-01
YW10-0218S,106,663,7.110000e-01,5.080000e-01,7.090000e-01,5.620000e-01
YW10-0218S,107,28,0,0,7.090000e-01,3.690000e-01
YW10-0218S,107,188,0,3.690000e-01,7.065000e-01,3.505000e-01
YW10-0218S,107,279,0,7.195000e-01,7.050000e-01,1.630000e-01
YW10-0218S,107,559,7.090000e-01,0,7.020000e-01,5.165000e-01
YW10-0218S,107,198,7.090000e-01,5.165000e-01,7.015000e-01,3.600000e-01
YW10-0218S,107,682,7.090000e-01,8.765000e-01,7.015000e-01,1.670000e-01
YW10-0218S,108,62,0,0,7.010000e-01,2.600000e-01
YW10-0218S,108,699,0,2.600000e-01,6.980000e-01,3.280000e-01
YW10-0218S,108,550,0,5.880000e-01,6.980000e-01,9.800000e-02
YW10-0218S,108,278,0,6.860000e-01,6.900000e-01,1.325000e-01
YW10-0218S,108,408,0,8.185000e-01,6.840000e-01,3.705000e-01
YW10-0218S,108,100,7.010000e-01,0,6.740000e-01,3.170000e-01
YW10-0218S,108,75,7.010000e-01,3.170000e-01,6.730000e-01,5.800000e-02
YW10-0218S,108,737,7.010000e-01,3.750000e-01,6.720000e-01,2.125000e-01
YW10-0218S,108,476,7.010000e-01,5.875000e-01,6.710000e-01,3.580000e-01
YW10-0218S,109,488,0,0,6.684000e-01,2.890000e-01
YW10-0218S,109,273,0,2.890000e-01,6.680000e-01,5.450000e-01
YW10-0218S,109,92,0,8.340000e-01,6.680000e-01,2.990000e-01
YW10-0218S,109,55,6.684000e-01,0,6.660000e-01,2.945000e-01
YW10-0218S,109,422,6.684000e-01,2.945000e-01,6.660000e-01,5.800000e-02
YW10-0218S,109,655,6.684000e-01,3.525000e-01,6.640000e-01,2.880000e-01
YW10-0218S,109,52,6.684000e-01,6.405000e-01,6.625000e-01,5.580000e-01
YW10-0218S,110,112,0,0,6.600000e-01,5.385000e-01
YW10-0218S,110,595,0,5.385000e-01,6.580000e-01,4.440000e-01
YW10-0218S,110,248,0,9.825000e-01,6.550000e-01,1.325000e-01
YW10-0218S,110,197,6.600000e-01,0,5.815000e-01,9.250000e-02
YW10-0218S,110,185,6.600000e-01,9.250000e-02,5.800000e-01,4.480000e-01
YW10-0218S,110,480,6.600000e-01,5.405000e-01,5.790000e-01,4.685000e-01
YW10-0218S,111,598,0,0,5.790000e-01,3.970000e-01
YW10-0218S,111,444,0,3.970000e-01,5.790000e-01,1.950000e-01
YW10-0218S,111,79,0,5.920000e-01,5.780000e-01,5.300000e-01
YW10-0218S,111,744,5.790000e-01,0,5.780000e-01,5.180000e-01
YW10-0218S,111,733,5.790000e-01,5.180000e-01,5.780000e-01,3.980000e-01
YW10-0218S,112,277,0,0,5.770000e-01,5.095000e-01
YW10-0218S,112,473,0,5.095000e-01,5.770000e-01,5.800000e-02
YW10-0218S,112,174,0,5.675000e-01,5.770000e-01,3.800000e-02
YW10-0218S,112,184,0,6.055000e-01,2.880000e-01,1.180000e-01
YW10-0218S,112,288,2.880000e-01,6.055000e-01,2.880000e-01,1.180000e-01
YW10-0218S,112,157,0,7.235000e-01,5.750000e-01,4.680000e-01
YW10-0218S,112,374,5.770000e-01,0,5.730000e-01,2.160000e-01
YW10-0218S,112,394,5.770000e-01,2.160000e-01,5.710000e-01,5.420000e-01
YW10-0218S,112,307,5.770000e-01,7.580000e-01,5.640000e-01,4.145000e-01
YW10-0218S,113,81,0,0,2.820000e-01,2.145000e-01
YW10-0218S,113,547,2.820000e-01,0,2.820000e-01,2.145000e-01
YW10-0218S,113,120,0,2.145000e-01,5.600000e-01,4.985000e-01
YW10-0218S,113,206,0,7.130000e-01,5.600000e-01,4.470000e-01
YW10-0218S,113,597,5.640000e-01,0,5.600000e-01,3.270000e-01
YW10-0218S,113,291,5.640000e-01,3.270000e-01,5.580000e-01,4.480000e-01
YW10-0218S,113,624,5.640000e-01,7.750000e-01,5.580000e-01,4.430000e-01
YW10-0218S,114,155,0,0,5.580000e-01,4.180000e-01
YW10-0218S,114,687,0,4.180000e-01,5.580000e-01,4.120000e-01
YW10-0218S,114,134,5.580000e-01,0,5.570000e-01,3.940000e-01
YW10-0218S,114,647,5.580000e-01,3.940000e-01,5.570000e-01,3.600000e-01
YW10-0218S,114,669,5.580000e-01,7.540000e-01,5.570000e-01,1.330000e-01
YW10-0218S,115,38,0,0,5.500000e-01,4.480000e-01
YW10-0218S,115,750,0,4.480000e-01,5.480000e-01,4.440000e-01
YW10-0218S,115,47,0,8.920000e-01,5.480000e-01,1.480000e-01
YW10-0218S,115,472,0,1.040000e+00,5.480000e-01,5.800000e-02
YW10-0218S,115,242,5.500000e-01,0,5.460000e-01,4.410000e-01
YW10-0218S,115,64,5.500000e-01,4.410000e-01,5.440000e-01,3.345000e-01
YW10-0218S,115,527,5.500000e-01,7.755000e-01,5.440000e-01,3.290000e-01
YW10-0218S,115,466,5.500000e-01,1.104500e+00,5.410000e-01,9.250000e-02
YW10-0218S,116,63,0,0,5.400000e-01,4.270000e-01
YW10-0218S,116,533,0,4.270000e-01,5.380000e-01,3.900000e-01
YW10-0218S,116,600,0,8.170000e-01,5.380000e-01,1.535000e-01
YW10-0218S,116,152,0,9.705000e-01,5.370000e-01,1.160000e-01
YW10-0218S,116,34,5.400000e-01,0,5.310000e-01,3.875000e-01
YW10-0218S,116,22,5.400000e-01,3.875000e-01,5.300000e-01,3.440000e-01
YW10-0218S,116,684,5.400000e-01,7.315000e-01,5.280000e-01,2.410000e-01
YW10-0218S,117,605,0,0,5.275000e-01,4.780000e-01
YW10-0218S,117,612,0,4.780000e-01,5.270000e-01,3.890000e-01
YW10-0218S,117,715,0,8.670000e-01,5.260000e-01,3.280000e-01
YW10-0218S,117,489,5.275000e-01,0,5.260000e-01,1.325000e-01
YW10-0218S,117,760,5.275000e-01,1.325000e-01,5.230000e-01,4.880000e-01
YW10-0218S,117,515,5.275000e-01,6.205000e-01,5.220000e-01,4.170000e-01
YW10-0218S,117,643,5.275000e-01,1.037500e+00,5.220000e-01,5.800000e-02
YW10-0218S,118,204,0,0,5.210000e-01,3.980000e-01
YW10-0218S,118,241,0,3.980000e-01,5.180000e-01,3.700000e-01
YW10-0218S,118,667,0,7.680000e-01,5.175000e-01,3.800000e-01
YW10-0218S,118,596,5.210000e-01,0,5.170000e-01,4.230000e-01
YW10-0218S,118,498,5.210000e-01,4.230000e-01,5.170000e-01,3.515000e-01
YW10-0218S,119,629,0,0,4.950000e-01,4.595000e-01
YW10-0218S,119,236,0,4.595000e-01,4.950000e-01,3.950000e-01
YW10-0218S,119,227,0,8.545000e-01,4.890000e-01,3.575000e-01
YW10-0218S,119,220,4.950000e-01,0,4.890000e-01,3.440000e-01
YW10-0218S,119,543,4.950000e-01,3.440000e-01,4.890000e-01,3.410000e-01
YW10-0218S,119,528,4.950000e-01,6.850000e-01,4.890000e-01,3.240000e-01
YW10-0218S,120,502,0,0,4.890000e-01,2.725000e-01
YW10-0218S,120,207,0,2.725000e-01,4.880000e-01,4.850000e-01
YW10-0218S,120,532,0,7.575000e-01,4.880000e-01,1.180000e-01
YW10-0218S,120,556,0,8.755000e-01,4.880000e-01,6.800000e-02
YW10-0218S,120,150,4.890000e-01,0,4.840000e-01,3.653000e-01
YW10-0218S,120,509,4.890000e-01,3.653000e-01,4.830000e-01,3.080000e-01
YW10-0218S,120,244,4.890000e-01,6.733000e-01,4.830000e-01,1.325000e-01
YW10-0218S,120,500,4.890000e-01,8.058000e-01,4.820000e-01,4.800000e-02
YW10-0218S,120,90,4.890000e-01,8.538000e-01,4.780000e-01,2.780000e-01
YW10-0218S,121,329,0,0,4.745000e-01,4.150000e-01
YW10-0218S,121,698,0,4.150000e-01,4.705000e-01,5.800000e-02
YW10-0218S,121,33,0,4.730000e-01,4.700000e-01,2.640000e-01
YW10-0218S,121,495,0,7.370000e-01,4.660000e-01,4.630000e-01
YW10-0218S,121,173,4.745000e-01,0,4.640000e-01,4.180000e-01
YW10-0218S,121,388,4.745000e-01,4.180000e-01,4.635000e-01,3.790000e-01
YW10-0218S,122,580,0,0,4.600000e-01,4.300000e-01
YW10-0218S,122,43,0,4.300000e-01,4.600000e-01,3.770000e-01
YW10-0218S,122,426,0,8.070000e-01,4.600000e-01,5.800000e-02
YW10-0218S,122,396,0,8.650000e-01,4.595000e-01,3.290000e-01
YW10-0218S,122,85,4.600000e-01,0,4.430000e-01,2.265000e-01
YW10-0218S,122,337,4.600000e-01,2.265000e-01,4.390000e-01,3.640000e-01
YW10-0218S,122,143,4.600000e-01,5.905000e-01,4.390000e-01,3.550000e-01
YW10-0218S,122,534,4.600000e-01,9.455000e-01,4.380000e-01,1.180000e-01
YW10-0218S,122,413,4.600000e-01,1.063500e+00,4.380000e-01,9.800000e-02
